area_code,food_overall_rank,food_CoreDeclineScore,area_name,all_industry_rank,all_industry_CoreDeclineScore
3001491,732.0,-0.6719813985125354,이태원 관광특구,931,-0.6488774909692496
3001492,815.0,-1.0530671305906305,명동 남대문 북창동 다동 무교동 관광특구,1028,-1.0792575732610525
3001493,652.0,-0.4598365612842839,동대문패션타운 관광특구,1041,-1.2071406282577968
3001494,757.0,-0.7588048945916839,종로·청계 관광특구,910,-0.6089529381279009
3001495,834.0,-1.394766349736692,잠실 관광특구,1078,-1.803319254443538
3001496,400.0,0.0405800771649266,강남 마이스 관광특구,13,2.6432165825112945
3110002,,,독립문역 1번,243,0.5488300462684341
3110003,48.0,1.2569213963807742,세검정초등학교,151,0.7888610294184498
3110005,,,세검정,46,1.5893500371156626
3110008,638.0,-0.4286006962449005,배화여자대학교(박노수미술관),877,-0.5331825366032221
3110009,319.0,0.1983970963992068,자하문터널,329,0.35825072085507326
3110010,131.0,0.6683055864546198,평창동서측,220,0.6074448539641587
3110012,389.0,0.0540012847238384,성곡미술관,510,0.08308246107085462
3110018,251.0,0.3340199544411792,중앙고등학교,409,0.23768188880931682
3110019,,,창덕궁,1054,-1.3494513424539316
3110020,672.0,-0.5216248043706428,서울국제고등학교,708,-0.21680575766061305
3110021,37.0,1.3852002530393237,성균관대학교,50,1.532141653207195
3110022,,,경신고등학교,81,1.2159696823240642
3110024,,,혜회동주민센터,742,-0.2651474305459204
3110027,277.0,0.279125357357414,혜화역 1번,442,0.20241207275558812
3110028,127.0,0.6751604387926855,,,
3110029,156.0,0.5810953839917646,동대문역 1번,553,0.02473438686497019
3110033,,,창신역 4번,1071,-1.6718181088739785
3110034,,,창신1동주민센터,1082,-2.620685889141399
3110035,42.0,1.356687849361203,동묘앞역 2번,380,0.2817552457329623
3110037,,,신설동역 12번,59,1.4296530991701442
3110040,,,중구회현체육센터(정화예술대남산캠퍼스),771,-0.3233018108620249
3110041,250.0,0.3361433609439319,남산케이블카,254,0.5273387996393482
3110043,520.0,-0.1859033181496907,,,
3110045,748.0,-0.7265802974784611,동대문역사문화공원역 5번,871,-0.5193715095269271
3110048,,,장충동주민센터,1070,-1.6661071807557954
3110049,19.0,1.6827198353062538,장충단 고개,80,1.2190389971071878
3110052,500.0,-0.1547937791395799,장충초등학교,656,-0.12930089682836493
3110053,749.0,-0.7299213112860912,청구역 1번,1010,-0.9490026192532782
3110054,6.0,2.148152908861974,청구역 3번,71,1.3243162271577849
3110056,789.0,-0.9104855937800233,신당역 3번,880,-0.5377486700608838
3110057,,,황학코아루아파트,842,-0.46451997467960754
3110058,104.0,0.7997450888171664,성심여자고등학교,1064,-1.5510637700870307
3110060,,,효창공원앞역 6번,1069,-1.6328817589819071
3110061,,,효창동주민센터,946,-0.692201971879983
3110062,847.0,-2.5787025896798905,한강로동땡땡거리(은행나무길),1083,-2.8403235191193485
3110063,524.0,-0.1938044257667189,효창공원앞역 5번,498,0.10194193121768404
3110064,327.0,0.183692716030048,효창공원앞역 2번,996,-0.8848032188926458
3110066,696.0,-0.5685161262596808,서울역 15번,785,-0.3477537571915661
3110067,578.0,-0.2964510881355851,배문고등학교,975,-0.826347267109957
3110068,819.0,-1.0822245172303329,남영역 1번,479,0.13136765881645163
3110069,210.0,0.4167105959655144,숙대입구,533,0.05697445255647936
3110072,2.0,2.4399949793279885,열정도,10,2.7441497503922014
3110074,570.0,-0.292353850878497,서울역 12번,787,-0.35049836697665626
3110075,804.0,-0.9943597792430592,숙대입구역 1번,959,-0.7429212544538498
3110078,,,이촌동점보아파트,648,-0.11634864926768544
3110079,611.0,-0.3613026309289576,후암동주민센터,841,-0.46226122778660544
3110080,698.0,-0.5737477437134957,해방촌예술마을,511,0.0805380142946357
3110081,715.0,-0.6297167910212318,해방촌 남동측,891,-0.5595542486033325
3110082,740.0,-0.7000739966991214,용산구청,928,-0.6431346750409945
3110084,714.0,-0.6267705560334894,경리단길북측,934,-0.6565103275418498
3110085,618.0,-0.3721685242318645,,,
3110087,,,이태원엔틱가구거리,193,0.6655380239192041
3110090,542.0,-0.2254516785032355,,,
3110091,5.0,2.2306251614359773,리움미술관,37,1.7506276578172744
3110093,80.0,0.992034298234152,우사단길,44,1.6618901052111696
3110095,471.0,-0.0882592795747051,한강진역 3번,1049,-1.2840624323424077
3110096,,,한남힐사이드아파트,202,0.641929227003398
3110098,134.0,0.6474108870156084,서울독일학교,123,0.9208986773792627
3110102,225.0,0.3862293356235752,옥수역 6번,516,0.07542220851050571
3110104,,,신금호역 4번,683,-0.16782772671449603
3110105,,,금동어린이공원,651,-0.1197333625640796
3110109,,,금호삼성래미안아파트,548,0.0315250427344555
3110110,,,상왕십리역 6번,976,-0.8308759162809907
3110112,417.0,0.0109159358682737,행당역 2번,997,-0.8917501240194742
3110115,103.0,0.7998489286211257,상왕십리역 3번,240,0.554955957603354
3110117,,,성동구보건소,843,-0.467167103676723
3110118,,,왕십리역 9번,686,-0.1732799942488176
3110122,285.0,0.2562731277544229,마장역 2번,294,0.4237974607572415
3110123,,,마장역 3번,68,1.3554627274715363
3110125,79.0,1.0016025827731618,사근동살곶이상점가,67,1.371324393021957
3110128,386.0,0.057175442789118,성원중학교,478,0.13559408909950033
3110129,,,성원어린이공원,293,0.42393740818031145
3110131,537.0,-0.2182897683330867,성수동카페거리,1067,-1.6002235761264192
3110134,459.0,-0.0720105103920032,성수119안전센터,273,0.46814273145966606
3110136,780.0,-0.8724765352316277,경수초등학교,970,-0.7983873579719264
3110137,448.0,-0.0522389958956781,성수초등학교,406,0.2426298925391574
3110138,298.0,0.2367973175960771,송정체육공원,557,0.015475970397809444
3110139,346.0,0.1445677299666405,자양4동주민센터,313,0.38848555339325486
3110140,558.0,-0.2640691804815233,건대입구역 6번,400,0.25789654825209135
3110141,149.0,0.5966602941741361,건대입구역 1번,460,0.17094305479182487
3110142,236.0,0.3609544050405756,화양사거리,235,0.5771589377870886
3110144,,,어린이대공원역 4번,135,0.8567693527534126
3110146,305.0,0.2246430750640193,신자초등학교,3,3.404347481074009
3110147,528.0,-0.2005541231579584,능동우편취급국,923,-0.6321803084380855
3110148,413.0,0.0192589295791281,어린이대공원역 3번,504,0.09142990870751508
3110150,816.0,-1.0621677987535647,중곡1동 마을마당,472,0.14606333537202132
3110151,348.0,0.1440471223988469,자양한강도서관,585,-0.02365532562921102
3110152,,,중곡어린이공원,497,0.10220925256067762
3110154,549.0,-0.2356380219660866,광진정말공원,609,-0.06819070940715252
3110155,116.0,0.711854403394378,광진구청,308,0.3976798487622884
3110157,552.0,-0.2453401091506782,자양동우체국,815,-0.4071424528233706
3110158,125.0,0.6800901669995273,중곡3동주민센터,82,1.2001245086311378
3110159,384.0,0.060151444617956,구의역 4번,159,0.7630117289557237
3110161,176.0,0.5306487210560769,중곡역 3번,183,0.689416815497654
3110162,308.0,0.2206529904456715,군자역 4번,376,0.2860242477203573
3110163,436.0,-0.0328712856422468,성자초등학교,439,0.20855174835640122
3110165,226.0,0.3859875842631148,국립정신건강센터,441,0.20292439444177043
3110166,651.0,-0.4596156006097551,구의1동주민센터,887,-0.5479303291840909
3110167,325.0,0.1924006948697936,용마초등학교,386,0.2724627886113812
3110168,,,대원고등학교,6,3.0487370490490524
3110169,,,성동초등학교,346,0.34034578527646175
3110170,93.0,0.8738992847839935,동대부여고,462,0.16409301005386132
3110173,,,구남초등학교,381,0.27982382300430453
3110174,115.0,0.7131074743327449,아차산역 1번,207,0.6337259801440702
3110175,724.0,-0.6469781724562484,푸른동산공원,1068,-1.6015301238082853
3110176,594.0,-0.3257009372290451,해오름공원,847,-0.4742888136453986
3110178,,,장로회신학대학교,152,0.7850493229560032
3110179,631.0,-0.4064938294223044,광나루역 1번,899,-0.588493563547672
3110180,4.0,2.249943659594627,광진정보도서관,231,0.5833143754892487
3110181,,,신설동역 9번,347,0.33893790948447966
3110186,,,종암초등학교,1058,-1.4142678266521325
3110187,106.0,0.7971467283650915,제기동역 6번,443,0.20045927362560456
3110188,20.0,1.6794127436872517,용두동신동아아파트,861,-0.5000771905647805
3110190,,,고대앞사거리,250,0.5383437757643956
3110191,136.0,0.6397584249658171,고려대역 6번,144,0.8092198268932437
3110192,579.0,-0.2973428183447286,동의보감타워,746,-0.27870525482420905
3110194,,,홍파초등학교,5,3.0835858598900536
3110195,617.0,-0.37178878819894,동대문구청,744,-0.2705874123945885
3110199,489.0,-0.1236889702830094,홍릉시장,629,-0.09309469895952747
3110203,,,떡전교사거리,600,-0.0502930212900713
3110204,29.0,1.5728635562983475,간데메공원,368,0.2967305726223068
3110205,385.0,0.0577042473414249,경희대삼거리,379,0.28322713967258956
3110207,88.0,0.9262453983035684,시립대앞사거리,128,0.8939305953210115
3110210,624.0,-0.3797615306828711,,,
3110211,152.0,0.5946922951769583,전곡마을마당공원,490,0.1118560155481625
3110212,548.0,-0.2334918853870201,답십리초등학교,747,-0.2792006427876264
3110214,832.0,-1.2451079840937744,,,
3110216,288.0,0.2516755189705334,전농중학교,501,0.09407318976565757
3110218,315.0,0.2067485216123444,답십리사거리,631,-0.09606409730579324
3110219,81.0,0.9916799355452036,삼육보건대학교,489,0.11578378835905725
3110220,790.0,-0.9165738652779206,외대앞역 1번,534,0.056836081541384836
3110221,,,의릉,359,0.3130298204633079
3110224,,,외대앞역 2번,1000,-0.9104944648402767
3110225,,,촬영소사거리,804,-0.3827004160780468
3110226,273.0,0.2922016568537335,장안1동주민센터,596,-0.04760434614815262
3110227,,,답십리공원,33,1.8094456145299058
3110228,150.0,0.5961290977293576,장안근린공원,783,-0.34739295873532694
3110229,196.0,0.4784989591680211,장평중학교,668,-0.15053089529572133
3110230,49.0,1.254315806416323,장안현대홈타운1차아파트,371,0.29413121988153934
3110232,401.0,0.0386980306058308,동대부고,953,-0.709732976478437
3110233,,,중랑역 1번,297,0.4193814843412734
3110236,785.0,-0.8795321311988182,신묵초등학교,362,0.30506177694005254
3110237,447.0,-0.0483968068648996,메가박스 상봉,920,-0.6232545940714148
3110240,673.0,-0.5285518542797819,태릉시장 특화거리,810,-0.3993192242824852
3110241,576.0,-0.2949513343979499,먹골역 5번,483,0.12856787661794586
3110243,294.0,0.2401712778912208,중랑노인종합복지관,491,0.1113736284616023
3110244,267.0,0.2975977336341277,중화역 4번,226,0.5900346709734408
3110245,,,KB국민은행 중화동지점,552,0.025480428256465765
3110246,71.0,1.0707916408025953,월드순복음교회,8,2.804383755982185
3110247,53.0,1.2080073100839794,먹골역 1번,392,0.2670490347989932
3110249,838.0,-1.4932067864039218,중화역 1번,960,-0.747723801374225
3110251,291.0,0.2456155266151065,장안중학교,279,0.44804383310709345
3110252,147.0,0.6119165884833169,장안제일시장,430,0.22054757418650311
3110253,60.0,1.154152975060834,,,
3110254,177.0,0.5302942662558113,오거리공원,500,0.097289429772294
3110255,675.0,-0.5301413151867834,,,
3110256,97.0,0.8233846931422226,면목2동체육관,332,0.35632555234635227
3110258,23.0,1.6079793433277718,면동초등학교,275,0.46281565027483834
3110259,335.0,0.1682901170762185,사가정역 1번,839,-0.4575245256479041
3110260,731.0,-0.6688536198158478,면목역 3번,396,0.26214524619112317
3110261,766.0,-0.8106981946137575,사가정역 4번,554,0.02293654727051478
3110262,761.0,-0.7940359804082728,상봉역 3번,991,-0.8670202305559167
3110263,,,면목역 1번,865,-0.5139209832304775
3110264,491.0,-0.1270715461734029,면목역 2번,750,-0.2847302863831185
3110265,266.0,0.2976386206233016,망우역 1번,624,-0.0897489335732766
3110266,688.0,-0.5495262487179603,면목동우체국,405,0.2485094500226495
3110267,39.0,1.3741061061202924,망우역 2번,194,0.6643109469275681
3110268,,,망우3동주민센터,702,-0.20579699481684938
3110269,233.0,0.3684088876760622,용마문화복지센터,404,0.254644347283919
3110270,,,혜원여고,257,0.5186151037189161
3110272,456.0,-0.0661633987388974,신내1동주민센터,615,-0.07798671610513562
3110273,577.0,-0.2949848551100052,장스여성병원,120,0.9347342530820584
3110274,204.0,0.4499016650565385,서일대학교,271,0.47149786205865024
3110275,133.0,0.648322388953986,하나은행 망우동지점,229,0.5873696739730464
3110277,296.0,0.2370689391124677,러스크서울병원,31,1.8196619767266833
3110278,243.0,0.3470119841921365,망우본동주민센터,449,0.18923759822302788
3110283,,,성북초등학교앞,801,-0.3772825929062799
3110285,,,홍대부중,106,1.0042863743054262
3110286,289.0,0.2515943935452744,한성대입구역 5번,369,0.2959170803902493
3110288,,,동구여중,451,0.18723135939862037
3110289,,,북한산보국문역 2번,663,-0.13782200506410364
3110291,543.0,-0.2258387757055182,한성대입구역 3번,838,-0.4570631742082813
3110293,290.0,0.2491033266549768,삼선중학교,587,-0.028435854775212002
3110294,339.0,0.1588839208771078,서경대학교,199,0.645445674308277
3110295,402.0,0.0373612204203192,정릉우체국,730,-0.251998754610599
3110296,588.0,-0.3152949145830149,성신여대입구역 4번,732,-0.25323197771665884
3110297,791.0,-0.9173975658912864,경동고등학교,574,-0.008794547834383992
3110299,194.0,0.4847189657394225,정릉역 1번,163,0.7501902561875876
3110300,380.0,0.0678620155113741,삼선동주민센터,529,0.06119750923917414
3110301,82.0,0.980759727349452,성신여대입구역 7번,155,0.7743275164640184
3110302,689.0,-0.5506854743148463,,,
3110303,35.0,1.4361777230652917,,,
3110304,,,보문역 4번,1075,-1.74486169467735
3110305,798.0,-0.953493636803602,보문역 5번,898,-0.5835138155221462
3110306,,,미아초등학교,11,2.721794871799582
3110307,,,길음역 7번,571,-0.006414542799329459
3110308,95.0,0.8390777208659755,길음역 8번,689,-0.18303510832114447
3110309,,,대광초등학교,634,-0.1016590138918137
3110312,526.0,-0.196681226333849,안암역 2번,731,-0.25226410289804874
3110313,303.0,0.2261588356677669,안암역 3번,630,-0.0938160825769487
3110314,188.0,0.4937577465674878,종암경찰서,672,-0.158735294598399
3110315,11.0,1.952295211533516,종암아이파크2차,76,1.2692832831906615
3110316,391.0,0.0534264641386594,숭곡초등학교,474,0.14084569886361958
3110317,,,종암중학교,92,1.0671072072927832
3110318,,,KT월곡지사,142,0.8209264014573403
3110319,222.0,0.3909985959480048,종암동주민센터,525,0.06412114896466421
3110323,480.0,-0.1156841824290349,상월곡역 1번,701,-0.20543261058681303
3110325,518.0,-0.1852215418296932,,,
3110327,602.0,-0.3382864517903172,상월곡역 2번,598,-0.04860544782506461
3110329,,,우리은행체육관,22,2.1575355876268496
3110330,159.0,0.5773639704446647,돌곶이역 1번,214,0.6174407528131812
3110331,513.0,-0.1785200859774204,돌곶이역 8번,821,-0.42620959293737465
3110333,707.0,-0.5931262608159218,돌곶이역 5번,966,-0.7836991403929636
3110335,613.0,-0.3634074200071254,석계역 7번,822,-0.4274713922989302
3110341,470.0,-0.0871330868393932,북한산우이역 2번,382,0.27693652274375696
3110343,,,무너미어린이공원,136,0.8549393809777388
3110345,67.0,1.0959198158979673,솔밭공원역 2번,269,0.48669477695730184
3110346,219.0,0.39681724250668,4.19민주묘지역 2번,335,0.35263972463740223
3110348,,,강북문화예술회관,322,0.36803277757960096
3110350,89.0,0.9086615828080448,가오리역 2번,211,0.6228590545524326
3110352,141.0,0.6213054065477761,수유1동주민센터,270,0.4841242983009142
3110353,,,수유동우체국,493,0.10890897879178073
3110355,,,삼양사거리역 2번,558,0.014588912459028477
3110356,,,덕수교,675,-0.16006923778160576
3110358,,,인수동 우편취급국,40,1.7373580488435096
3110359,122.0,0.6988964783364058,수유시장옆,922,-0.629748095376052
3110360,264.0,0.3070127035488663,수유초등학교,197,0.6496892609973788
3110361,,,삼양사거리역 1번,1,3.567445860042013
3110362,110.0,0.772067628562035,,,
3110364,797.0,-0.9526538421974096,,,
3110365,,,미아역 5번,797,-0.3680190224369606
3110366,249.0,0.3411681474893263,광산사거리,256,0.5203433138004058
3110367,607.0,-0.3487977841151636,강북구청,806,-0.3892377678123606
3110369,515.0,-0.1836191406537216,성신여대운정그린캠퍼스,357,0.314026296311956
3110370,712.0,-0.6222438043810191,도봉세무서,998,-0.8973930849816473
3110371,331.0,0.1775953814108894,삼양입구사거리,590,-0.03436155044234093
3110372,658.0,-0.4774760916198171,,,
3110373,835.0,-1.4353906885979764,수유역 2번,1011,-0.9493152321934927
3110374,155.0,0.5889206183755284,,,
3110376,292.0,0.2429399839402413,수송초등학교,796,-0.36732650189338817
3110377,33.0,1.4818277247328109,미아사거리역 3번,41,1.726861167945004
3110378,,,송중동주민센터,748,-0.2800431180751281
3110383,235.0,0.3664093284696924,덕성여대시반거리,172,0.712994056757938
3110387,25.0,1.595898773706507,쌍문초등학교,259,0.51718879905834
3110388,,,도봉우체국,726,-0.24982667798324182
3110390,605.0,-0.3470940373061063,방학초등학교,477,0.13946611848045895
3110391,,,샘말어린이공원,21,2.163589551478985
3110392,,,발바닥공원,367,0.2982775454420424
3110394,121.0,0.7012169255025333,방학중학교,249,0.5385823657918076
3110395,78.0,1.0292368828563596,신한은행 방학동지점,111,0.9846547254874494
3110396,439.0,-0.0353931591223405,쌍문역1번(쌍리단길),536,0.05521531058595552
3110397,146.0,0.6120410006330601,도봉산입구,434,0.21485183268779376
3110398,771.0,-0.8235023374436785,쌍문2동우체국,872,-0.5203693773371196
3110399,248.0,0.3442196118176921,창2동주민센터,845,-0.4689883721362863
3110400,128.0,0.6744659635049872,도봉구보건소,48,1.5598885921260948
3110402,497.0,-0.1426733008058587,도봉구 정병원,161,0.7529661838412738
3110403,431.0,-0.0179711444152635,방학1동주민센터,281,0.4418151327559806
3110404,139.0,0.6342700617211565,신창초등학교,461,0.16609257606540004
3110405,247.0,0.3443834908705491,방학역 1번,535,0.056828340401009966
3110406,395.0,0.0458555888812198,도봉산역 1번,559,0.013377273077960827
3110407,282.0,0.2667877259012956,도봉역 2번,586,-0.025491448989078732
3110408,,,가인초등학교,527,0.06302627226011255
3110409,7.0,2.074738976459317,창동역 2번,112,0.9806116571840756
3110410,496.0,-0.1416160220999004,방학역 2번,157,0.7670206524489889
3110411,350.0,0.1338892633855292,도봉역 3번,520,0.07016902738559103
3110415,195.0,0.4812113173985512,수락산역 4번,522,0.06843337915904582
3110416,671.0,-0.5169776921927759,노원초등학교,567,0.0011631469058831397
3110417,,,월계역 3번,17,2.2952526121714283
3110418,,,광운대학교 남단,358,0.3137882245008614
3110419,359.0,0.1037985746768026,수락산디자인거리,363,0.3036170349729168
3110420,320.0,0.1978919703310016,광운대역 1번,129,0.8923583764221475
3110421,295.0,0.2400245614951321,석계역 1번,643,-0.1131868374097632
3110422,,,노원역 9번,694,-0.19385326899264468
3110423,217.0,0.4018053990222872,석계역 2번,341,0.34402595916605244
3110424,343.0,0.154318730070584,상계초등학교,825,-0.43248056450986516
3110425,32.0,1.4926687534399257,계상초등학교,104,1.015034555624742
3110426,100.0,0.8107465954525025,상계2동주민센터,105,1.0123870964093986
3110428,633.0,-0.4135824679632075,상계5동주민센터,319,0.3741964680930754
3110429,284.0,0.2570837960062536,공릉동 국수거리,665,-0.14460534879139925
3110430,,,중계초등학교,1066,-1.5861086229066013
3110431,647.0,-0.4517316475589027,상계역,758,-0.30247173838332625
3110432,130.0,0.6705448645477546,대진고등학교,506,0.08954013713673048
3110433,362.0,0.1003022790932672,공릉역 2번,523,0.06684808157230455
3110435,138.0,0.6373295491912888,서울과학기술대,160,0.7628311206691667
3110437,40.0,1.3720178023200609,,,
3110438,636.0,-0.4210894616735847,경춘선숲길 우측,869,-0.5185038907089331
3110439,318.0,0.1991420234011207,당고개역 5번,83,1.171747117900943
3110441,56.0,1.1956667667870309,,,
3110442,,,화랑대철도공원,62,1.3875882201308958
3110449,550.0,-0.2415363542309998,증산역 3번,1004,-0.9221566073127343
3110450,239.0,0.3540488492715465,시립서북병원,678,-0.16505603375964256
3110451,1.0,3.1783692706086897,,,
3110452,52.0,1.2186520099605458,새절역 3번,158,0.7654713172388072
3110453,,,신사1동주민센터,607,-0.06526603348671814
3110454,,,선정중학교,53,1.5074156445964317
3110455,221.0,0.3923573083336543,역촌노인복지관,317,0.3752172047239314
3110456,185.0,0.5063250001740117,,,
3110458,73.0,1.0638566161400604,선일여고,180,0.6974430969252474
3110459,,,응암역 2번,303,0.40924703871840523
3110460,344.0,0.1478172378542172,구산역 4번,464,0.15962240804484684
3110462,,,갈현건영아파트,100,1.0309334125752856
3110463,545.0,-0.2284694539040125,응암3동주민센터,582,-0.018223554615159898
3110464,34.0,1.44314160933073,연신내역 5번,196,0.6569391069845091
3110465,119.0,0.710367275210307,연신내역 7번,187,0.6781786538890797
3110466,,,구산역 2번,509,0.08450692252831551
3110467,186.0,0.5036478492900296,은평요양병원,122,0.9282284458010727
3110468,214.0,0.4084321043944744,응암역 3번,352,0.3320879597737493
3110469,165.0,0.5489869620140817,응암정보도서관,340,0.34412465742648335
3110470,,,신진과학기술고등학교,93,1.0585051037863047
3110471,538.0,-0.2204242950496169,응암동우체국,182,0.694951940754303
3110472,36.0,1.4120664896375847,연신내역 4번,60,1.403729436277734
3110473,86.0,0.9339810596534056,구산역 1번,709,-0.21814492579712735
3110474,,,세명컴퓨터고등학교,655,-0.1276099010728391
3110475,,,백련산해모로아파트,399,0.2593517884873314
3110477,383.0,0.0620050937431774,,,
3110478,,,응암1동주민센터,97,1.0371469575840582
3110479,662.0,-0.4859316683906657,연신내역 2번,420,0.22543008909342532
3110480,,,연신내역 3번,707,-0.21524595449031636
3110481,286.0,0.2540218742316566,불광역 7번,768,-0.3153533388421784
3110482,,,연신초등학교,414,0.23243505092844405
3110484,,,역촌역 3번,450,0.18779156936656666
3110485,523.0,-0.1932779032495217,연신내우체국,611,-0.07368752494056627
3110486,551.0,-0.2453221925186513,은평구청,547,0.034233624792065875
3110487,,,불광역 8번,794,-0.36159539612030933
3110488,,,우리은행응암동지점,191,0.671115130195686
3110489,,,불광역 3번,918,-0.6211732334781372
3110490,,,녹번동근린공원,662,-0.13757346266148113
3110493,,,북가좌초등학교,706,-0.20954630993230827
3110495,278.0,0.2763282300256173,북가좌2동주민센터,597,-0.047629554687598746
3110496,376.0,0.0716626959064882,모래내우체국,856,-0.4929333928721586
3110497,,,가좌역 3번,653,-0.1245377133124555
3110498,157.0,0.580793296382954,증산역 1번,605,-0.0628916811630508
3110500,,,남가좌동현대아파트,824,-0.4317986381453411
3110502,279.0,0.271270808423267,남가좌파출소,423,0.22437578928642554
3110503,169.0,0.539114998374625,명지대학교교회,301,0.41033360853160195
3110507,479.0,-0.1141684445473255,명지대학교,311,0.3909783070301326
3110508,,,서연중학교,990,-0.8668819862792756
3110509,397.0,0.0440322860527159,연희대우아파트앞,263,0.5035705949595415
3110510,,,홍연시장,227,0.5892348689079436
3110513,572.0,-0.2932147265285792,연희파출소,973,-0.811251735463048
3110517,,,서대문소방서,309,0.39589131227357005
3110519,,,서대문구보건소별관,164,0.7476554639002031
3110520,27.0,1.5902749891273746,경의중앙 신촌역,36,1.759148157745337
3110521,,,홍제역 4번,782,-0.34487018871445696
3110524,87.0,0.9314558623604248,,,
3110525,12.0,1.9078715142376736,홍은종합사회복지관,30,1.8544443312320245
3110527,,,홍제역 2번,1065,-1.5691827074124496
3110528,680.0,-0.5380199746660432,서울여자간호대학교,446,0.19630139249613893
3110529,584.0,-0.3121011086877882,홍제3동주민센터,591,-0.03541795382877679
3110532,808.0,-1.0150192031252676,아현역 2번,378,0.2843926615538932
3110535,,,영천시장입구,26,1.8981801660503141
3110538,137.0,0.6391540179580124,충정로역 3번,150,0.7933297704703458
3110539,423.0,0.0045494951031478,미근동,551,0.02714165708037438
3110541,378.0,0.0690952716029723,동교초등학교,132,0.88111553919254
3110542,357.0,0.1112582156145975,마포구청역 7번,519,0.0711936346106868
3110544,495.0,-0.1366804757947379,망리단길,566,0.0012041198874510745
3110545,365.0,0.0936809731083135,,,
3110547,591.0,-0.3218644143927557,KB국민은행 망원동지점,617,-0.07826693827866776
3110549,,,새터산,39,1.7396545160833903
3110550,604.0,-0.3408907679431546,합정역 8번,612,-0.07613057226346005
3110551,,,성서초등학교,108,0.9993594445218325
3110552,,,성미산체육관,2,3.4377892812767965
3110553,271.0,0.2946318159848416,가좌역 2번,955,-0.7152106723213766
3110554,820.0,-1.095242172684025,망원역 1번,286,0.433605107578089
3110557,220.0,0.3951504025618054,홍대부속여중고앞,373,0.29224079856629537
3110558,172.0,0.5350115665841015,경성고등학교,181,0.6969626551336725
3110559,96.0,0.8354369667539481,,,
3110560,,,마포FM,234,0.5805980595425988
3110561,199.0,0.4670007841845217,상수역 4번,246,0.544405724539429
3110562,425.0,0.0020249496176027,연트럴파크(연남동주민센터),641,-0.11131845329562284
3110564,769.0,-0.8177219391374363,홍대입구역 3번,1034,-1.1322272481967832
3110565,,,홍익대,232,0.5832566387907465
3110566,556.0,-0.260762251815906,경의선책거리,881,-0.5378551295818375
3110568,,,광흥창역 1번,113,0.9696140901723321
3110569,263.0,0.3073804846145392,홍대땡땡거리,531,0.05900081088405122
3110571,,,신수동주민센터,102,1.0179325422879437
3110572,646.0,-0.4439923192754431,서강대역 1번,628,-0.09295745676969239
3110576,762.0,-0.795918769612435,대흥역 3번,1060,-1.437831328125394
3110577,,,용강동주민센터,892,-0.5605443877635387
3110578,240.0,0.3537502994262099,대흥역 2번,469,0.14997993930354547
3110582,,,이대역 5번,85,1.1594726955905694
3110583,,,공덕래미안3차아파트,356,0.3142786549478953
3110586,256.0,0.3175380270237444,서울서부지방법원,300,0.4122291283375986
3110587,205.0,0.4471064289560749,공덕동주민센터,14,2.5960188214216195
3110588,784.0,-0.8745894396975515,한겨레신문사,992,-0.8728541689579465
3110590,597.0,-0.3313019230169551,만리재,375,0.287415023793536
3110591,,,충정로역 6번,893,-0.5654409979580153
3110593,274.0,0.2895597490290587,신월3동주민센터,487,0.12069717787943247
3110595,252.0,0.3335748496874967,메디힐병원,330,0.3578157341162773
3110597,,,신월1동주민센터,658,-0.1329440227039272
3110598,211.0,0.4138299840318366,신월문화체육센터,316,0.3757811107954477
3110599,123.0,0.6860703278239375,,,
3110601,268.0,0.2970807818176511,신월1동우편취급국,186,0.6785931890684724
3110603,,,지향초등학교,310,0.39131502031736143
3110604,242.0,0.3480481994502384,신월4동주민센터,543,0.035660794028294834
3110605,,,목동센트럴아이파크앞,680,-0.16609679176817693
3110606,387.0,0.0569660139453945,신한은행 신월동지점,608,-0.06761625031372097
3110608,,,신월2동주민센터,384,0.27409310371285184
3110611,,,신정역 1번,170,0.7196504370766568
3110612,332.0,0.1772614714152044,신정역 5번,1042,-1.219176496415639
3110613,,,신정네거리역 4번,348,0.33438504819717974
3110614,,,목동로데오거리,18,2.21762653782921
3110615,831.0,-1.2310299031097016,신서초등학교,818,-0.41480054648538944
3110618,44.0,1.3136162678529295,강서고등학교,204,0.637942217302748
3110619,,,목4동주민센터,45,1.6228408831434402
3110620,478.0,-0.1103196679095511,목동보건지소,407,0.23892712699812205
3110621,,,목동역 5번,756,-0.29833036991893985
3110625,216.0,0.4035401345560624,신정2동주민센터,476,0.14030165337064288
3110626,,,양화초등학교,90,1.0746457574384436
3110627,560.0,-0.2688832339473514,신정롯데캐슬아파트,75,1.2867820524938858
3110630,198.0,0.4745178037815428,공항시장역 1번,524,0.06534462523202118
3110632,280.0,0.2693001197342834,방화역 3번,575,-0.009372012969218677
3110633,,,개화산역 1번,88,1.0919465222139333
3110634,265.0,0.305648623913643,송정역 3번,320,0.3720645272796811
3110636,,,방화역 2번,343,0.3421746118691683
3110638,534.0,-0.2143354564857891,신방화역 2번,86,1.1374883068626334
3110639,26.0,1.5919749867646664,,,
3110640,91.0,0.8831910988587839,방화역 1번,201,0.6430903816570077
3110641,,,공항고등학교,277,0.4608740914801018
3110643,85.0,0.9415413678016004,강서구다솔마을,61,1.3986377276051791
3110645,189.0,0.4928714301304674,우장산역 4번,718,-0.2421396836798438
3110646,525.0,-0.1944406892888639,푸른들청소년도서관,724,-0.24805444256014278
3110647,161.0,0.5589074448659793,화곡역 5번,304,0.40503946284148346
3110648,765.0,-0.7969058144031135,양천향교역 7번,339,0.34722844694151056
3110649,,,우장산역 1번,669,-0.15125205271054742
3110650,,,우장산힐스테이트,153,0.7833164232440248
3110651,54.0,1.2073295320069224,화원중학교,691,-0.18531308251812503
3110652,,,양천향교역 2번,471,0.14618629820722553
3110653,487.0,-0.1233894244853413,화곡역 2번,110,0.9850977799620774
3110654,432.0,-0.0185417219293169,까치산역 4번,424,0.22409011125305014
3110655,424.0,0.0030181862784208,발산역 5번,635,-0.10215433859173609
3110656,678.0,-0.5349032155578491,까치산역 3번,799,-0.3694885375409342
3110657,493.0,-0.1320681938785543,,,
3110658,,,화곡초등학교,328,0.35887036828845176
3110659,184.0,0.5065138428788423,화곡역 4번,387,0.2708556657774684
3110660,31.0,1.523908696583404,등촌3동주민센터,189,0.6761438139068842
3110662,153.0,0.5905391346917463,까치산역 1번,625,-0.09087924397295985
3110664,,,강서구청옆,174,0.7049267142440364
3110665,494.0,-0.1332812377725889,곰달래도서관,141,0.8235339438211773
3110667,124.0,0.6827011644005185,가양역 10번,127,0.9001112973199228
3110668,99.0,0.8134966860008139,화곡2동주민센터,372,0.2924043144585844
3110670,,,신곡초등학교,278,0.4521391688562435
3110671,212.0,0.4134654957862718,등촌1동주민센터,440,0.20528836846563878
3110675,506.0,-0.1657186174225965,,,
3110676,,,등촌역 7번,398,0.2606953694168727
3110680,,,온수역 5번(온수산업단지),267,0.49238100772004645
3110684,,,서울공연예술고등학교,350,0.3334652264005494
3110686,8.0,2.0345864145012467,,,
3110689,,,오류동역 3번,426,0.22201324111101212
3110690,583.0,-0.3104472820652054,오류2동버들시장,425,0.22340920427116148
3110691,499.0,-0.1439712628188429,,,
3110694,28.0,1.5819213327304995,세곡초등학교,95,1.0436084146371654
3110695,337.0,0.1608746599517381,개봉1동주민센터,736,-0.25714291309876525
3110697,,,개봉3동주민센터,55,1.464530813812886
3110698,,,개웅초등학교(개웅중학교),572,-0.007028625818912143
3110699,163.0,0.5533215357193629,덕의초등학교,819,-0.4166986381256874
3110700,,,고척초등학교,4,3.167582673764944
3110701,830.0,-1.2017655948456691,고척동성당,867,-0.5177855797355205
3110702,,,개봉초등학교,963,-0.7619989168621448
3110703,730.0,-0.6628968583672903,개봉역,697,-0.20272900733096838
3110706,788.0,-0.900062024456865,그라운드 고척,1050,-1.323113783151979
3110707,142.0,0.6207374846087197,구로창업지원센터,268,0.4904643123189838
3110709,192.0,0.4872174518426836,구로119안전센터,24,2.09575479586241
3110710,703.0,-0.5825544033878031,남구로역 3번,693,-0.18932466195657208
3110711,241.0,0.3494055968975977,구로초등학교,134,0.876609330405782
3110712,645.0,-0.4437211304169351,남구로역 5번,673,-0.16001571707238482
3110713,392.0,0.0528250994973029,구로보건소,210,0.622926463523022
3110714,300.0,0.2321050816161447,구로4동주민센터,236,0.5683678203379088
3110716,786.0,-0.8835635539495589,구로나눔길,1059,-1.416193560757974
3110717,117.0,0.7116526917596567,남구로역 2번,188,0.6764096406665215
3110718,674.0,-0.5288772032990494,한국SGI본부,873,-0.5276506194125923
3110720,349.0,0.1374720047742752,대림역 2번,1003,-0.9164107834629212
3110721,47.0,1.2723862294037869,가리봉파출소,114,0.9639936488691339
3110722,,,G타워,1074,-1.7391303800166542
3110723,208.0,0.4376621353285126,가산디지털단지역 1번 출입구,209,0.6250610999577081
3110725,600.0,-0.3360912817378397,가산동주민센터,682,-0.16721896522313429
3110726,,,금천철쭉어린이공원(금하마을),264,0.4987484395333514
3110729,399.0,0.0416831327293827,가산동우체국,365,0.3011476538878617
3110730,,,서울축산농협 독산역지점(독산파출소),38,1.7505568072329856
3110731,257.0,0.3162698601397604,금천구청역 1번 출입구,345,0.34194555492013157
3110732,843.0,-1.84469939927187,가산초등학교(세일중학교),1057,-1.397930510901757
3110735,779.0,-0.8723924584619962,말미고개,447,0.19485970485798798
3110736,254.0,0.3252570564590734,독산119안전센터,542,0.038067998692924626
3110738,807.0,-1.0112655997644588,문성초등학교,757,-0.3005565217642787
3110740,,,금천해태공원,326,0.3619189326049002
3110741,283.0,0.2629707981318124,독산2동주민센터,177,0.7017842900888028
3110743,511.0,-0.1703191580336941,시흥초등학교(시흥1동우체국),725,-0.24905608266508236
3110744,457.0,-0.0705707355877333,독산동성당,302,0.4093205509856131
3110745,626.0,-0.3918295442667194,독산동정훈단지,338,0.3498779783288387
3110746,,,금천금빛공원(은행나무사거리서측),616,-0.07819157314287584
3110747,,,석수역 1번 출입구,436,0.21356851391085857
3110748,,,백산초등학교,126,0.9141823873938189
3110749,297.0,0.2368451952850387,금산초등학교(금천고등학교),647,-0.11629070676326207
3110750,111.0,0.7207769192261578,시흥4동주민센터(서울신흥초등학교),121,0.9343438569645033
3110751,,,난곡중학교,74,1.2884475240384878
3110752,306.0,0.2243096502402063,한울중학교,391,0.2681184986214883
3110753,118.0,0.7109793717819742,시흥동 은행나무사거리,389,0.27052000372557594
3110754,,,삼성산자연공원(서울금천초등학교),1017,-1.000911172075564
3110755,83.0,0.958915063906099,동일여자고등학교,131,0.8870861473747723
3110756,,,문래중학교,283,0.43532742488651843
3110757,691.0,-0.5552569122997825,양평역 2번,834,-0.4513755408644744
3110759,809.0,-1.0194308366703848,문래예술촌(문래창작촌),945,-0.6918389231131634
3110760,745.0,-0.7191911778673762,선유도역 6번,974,-0.819755851479194
3110762,619.0,-0.3766064705118104,선유도역 1번,942,-0.672826453556313
3110763,200.0,0.46539576999976,영등포구청역 2번,65,1.3837755146648034
3110766,721.0,-0.6400796307721326,대림역 5번,512,0.0805253952204843
3110770,709.0,-0.6054825812166734,영등포구청역 6번,875,-0.5302386916698636
3110774,18.0,1.7206987790134067,당산반도유보라팰리스아파트,713,-0.22310206779536867
3110775,129.0,0.6711167152837405,대동초등학교,168,0.729623721070049
3110776,74.0,1.0510023190311422,도신초등학교,466,0.1570905904887431
3110778,167.0,0.5441474857562707,구로디지털단지역 4번,212,0.6222958991310992
3110780,,,신길대성유니드아파트,986,-0.8563342913340508
3110781,,,대림한신아파트,280,0.4451575530731307
3110782,,,영등포시장역 4번,1080,-2.26628052943834
3110783,360.0,0.1014060490973715,영등포시장역 1번,27,1.8815933680861845
3110785,,,영등포푸르지오아파트,645,-0.1153486296382203
3110787,246.0,0.3445188561855213,신길3동주민센터,560,0.01148628307695368
3110789,751.0,-0.7488680557253549,대림성모병원,816,-0.41288825566004406
3110790,76.0,1.0343508507442685,대림1동주민센터,124,0.9184339633206008
3110792,410.0,0.0261118275225632,영등포역 2번,437,0.21306559243848971
3110794,,,영동초등학교,89,1.0817216077851883
3110803,330.0,0.1787722759116037,신길2동우편취급국,98,1.0344325779553254
3110804,828.0,-1.1955517325578515,신풍역 1번,971,-0.7995997942383273
3110809,,,장훈고등학교,411,0.23489999306177012
3110810,223.0,0.3888707068848168,영신초등학교,296,0.4201810527047075
3110811,,,보라매역 4번,230,0.5862160051062346
3110812,802.0,-0.9703242381179767,신길6동주민센터,580,-0.012863549456485879
3110813,504.0,-0.161695319004885,보라매역 6번,831,-0.444453008412725
3110814,787.0,-0.8941874029576502,,,
3110815,22.0,1.6176855447163874,공군호텔,140,0.8347123036863323
3110819,369.0,0.0884569012930993,신대방역 4번,614,-0.07779881956058776
3110820,,,성남고등학교,518,0.07353360495781569
3110821,105.0,0.7972990446127048,보라매역 2번,458,0.17311122930659498
3110824,,,대방역 3번,538,0.0467052041181828
3110825,14.0,1.8245699305698904,신대방삼거리역 1번,35,1.8014350776640453
3110826,621.0,-0.3778658228105028,장승배기역 4번,166,0.737855572882396
3110827,444.0,-0.0456874476624947,NH농협은행 상도동지점,492,0.10976481904138241
3110828,183.0,0.5107749650012289,,,
3110830,,,상도초등학교,69,1.3483338381081376
3110831,,,상도4동주민센터,579,-0.0121443801553692
3110832,,,노량진초등학교,171,0.7187900423943201
3110833,,,상도역 2번,448,0.19370445702905428
3110836,503.0,-0.1611665852631867,상도역 5번,882,-0.5379055895448362
3110837,517.0,-0.1848556365380803,숭실대입구역 1번,530,0.060605557792275944
3110839,445.0,-0.0470757302089839,숭실대입구역 4번,660,-0.13662909441398158
3110840,477.0,-0.1101232745140164,중앙대학교,802,-0.3783365681358166
3110842,710.0,-0.6149494687115886,흑리단길,468,0.1526464954065827
3110846,695.0,-0.5662989957498205,남성역 1번,595,-0.04715316916159732
3110848,341.0,0.1575280574917505,양지어린이공원,84,1.1652798205223949
3110849,531.0,-0.2052649454749108,이수역 10번,720,-0.2441183974768481
3110850,711.0,-0.6151799438449805,사당역 10번,578,-0.011971466805696496
3110852,442.0,-0.0397766728057385,이수역 9번,192,0.6691649405718434
3110853,,,KT구로지사,549,0.030460725172231307
3110855,510.0,-0.1681152220345104,신대방역 2번,334,0.35518428478575903
3110856,,,미성초등학교,528,0.061478275477083955
3110857,,,미성동주민센터,354,0.3195184126235241
3110860,,,호림박물관(성보고등학교),377,0.28566076213431313
3110861,178.0,0.5289343563591689,관악구신사동주민센터,410,0.23557570599900182
3110862,,,난곡초등학교(난곡동벽화마을),537,0.052596283381409176
3110863,259.0,0.3127437829746899,난우초등학교,401,0.25761518230038516
3110864,,,신림우방아파트,315,0.3775934634954209
3110865,683.0,-0.5441960403680692,남강고등학교(남강중학교),913,-0.6138464332322909
3110866,,,난우중학교,779,-0.3383212496206358
3110867,,,국제신학대학원대학교(남서울중학교),1033,-1.1186911659848706
3110868,764.0,-0.7964508578529343,남부초등학교,967,-0.784220642051066
3110869,245.0,0.3449340107578606,"신림역 5번(신림동주민센터, 신림동별빛거리)",602,-0.05445235106215897
3110871,202.0,0.457280074964682,신원동주민센터,276,0.4614235255507123
3110873,269.0,0.2965825306595773,당곡중학교,295,0.42163154849925405
3110875,,,보라매동주민센터(당곡고등학교),239,0.5604132093494276
3110876,,,서원동주민센터(신관중학교),79,1.2414956208857881
3110877,521.0,-0.1880935594765542,신림역 8번,218,0.6106969594594274
3110881,17.0,1.7463392039287218,구립대학경로당(관악산샘말공원),56,1.448966168214128
3110882,334.0,0.1719561729372548,신성초등학교,601,-0.05221693260952717
3110883,15.0,1.7960574031498555,은천초등학교(은천교앞),154,0.7772089902700938
3110884,747.0,-0.7225634454736081,봉천역 4번(봉천110안전센터),994,-0.8750273054837956
3110885,120.0,0.7096844250804164,영락고등학교,222,0.6043011863702137
3110886,58.0,1.1890432776606643,,,
3110890,463.0,-0.0782656346240248,봉천역 1번(관악초등학교),826,-0.4339680137416283
3110891,,,구암초등학교,874,-0.52799330394785
3110892,481.0,-0.116157920454547,관악구 중앙길,285,0.4337911517455498
3110895,544.0,-0.2270849463105434,샤로수길,676,-0.16227234169645438
3110896,,,관악우성아파트,208,0.6258431533532376
3110897,,,서울대입구역 8번,452,0.18524017492446174
3110900,50.0,1.2233228793634792,낙성대역 1번(관악구민 종합체육센터),146,0.8052980664638438
3110902,837.0,-1.4576622127389711,사당역 4번,599,-0.048764187366316554
3110903,,,방배아이파크아파트,951,-0.6997643600454498
3110904,114.0,0.714051709937191,이수역 5번,854,-0.48997004459342525
3110905,,,방배노인종합복지관(이수중학교),907,-0.6024784149856297
3110907,55.0,1.2063938773352103,방배초등학교,353,0.32772529069084666
3110908,,,구반포역,16,2.3695884078653195
3110912,,,방배동사이길,642,-0.11230700826609359
3110913,,,방현초등학교(방배119안전센터),224,0.5982246224105295
3110916,,,내방역 4번,215,0.6169036595227878
3110925,,,서초중학교,325,0.3628536454935189
3110926,,,신중초등학교,43,1.6666157809295996
3110934,57.0,1.1934329298329986,우면주공아파트,147,0.8009827536923722
3110936,,,더케이호텔(양재리본타워2단지아파트),77,1.2659801741738412
3110938,,,바우뫼공원,858,-0.49729100408852134
3110939,191.0,0.4877907660893569,양재역 8번(양재동우체국),138,0.8496787026579331
3110942,310.0,0.2144149485481905,염곡동 구룡사(포이동성당),133,0.87735999650548
3110946,,,청계산원터골,288,0.43062416528534714
3110949,,,한남IC,1020,-1.0152428432698712
3110951,,,신사은행나무공원,12,2.6714164687021746
3110955,686.0,-0.5457089929315642,논현초등학교,800,-0.37594311415134296
3110957,170.0,0.5374841997275221,언북중학교,23,2.141994577844683
3110961,238.0,0.3558537727852747,언주역 3번,245,0.5453239266895855
3110965,571.0,-0.2925568695966319,,,
3110966,70.0,1.0796926272926908,논현2동주민센터,70,1.3396707480500434
3110976,,,언북초등학교,496,0.10673548882369577
3110980,,,개포지구대옆,390,0.26890805683174335
3110981,24.0,1.597098178836828,국악고교사거리,344,0.3419744296336757
3110982,,,강남구보훈회관,1029,-1.080393632367771
3110983,,,국립국악고등학교,298,0.414206687625115
3110984,532.0,-0.2078101686611204,,,
3110992,38.0,1.3823642014621675,도곡초등학교,844,-0.46887485818922364
3110994,825.0,-1.1584201942743646,개포고등학교,1084,-2.8609201012077246
3110996,,,대치2동주민센터,969,-0.7899734386806596
3110997,438.0,-0.0353376472592762,대청초등학교,857,-0.49334496968983
3110999,575.0,-0.2942654987966303,윗방죽마을공원,1016,-0.9849150234997164
3111002,,,한국교통안전공단 강남자동차검사소,837,-0.4552686645086865
3111003,559.0,-0.2673946864123788,삼전역 4번,312,0.3900716668547752
3111004,596.0,-0.3295162879990547,삼전역 1번,455,0.18072114669044237
3111005,783.0,-0.8742389647092426,삼전역 3번,868,-0.5184289301737232
3111006,637.0,-0.4272742886744154,석촌고분역 1번,627,-0.09292950879892325
3111007,9.0,2.006270806049586,석촌고분역 4번,20,2.1868858433140934
3111008,316.0,0.2061199415084794,석촌고분역 3번,198,0.6484600415478518
3111010,461.0,-0.0758789300802807,석촌역 7번,374,0.29080721419169353
3111011,,,잠실나루역,337,0.3511528669754844
3111012,293.0,0.2419026297013013,석촌역 6번,165,0.7470520234866349
3111013,501.0,-0.1593501540187602,송파나루역 1번(송리단길),703,-0.20589188576717213
3111014,180.0,0.5262288312123032,송파나루역 2번,221,0.6054025233519914
3111015,429.0,-0.0083747697631597,,,
3111019,206.0,0.4453223917550896,한성백제역 3번,149,0.7980410914705589
3111020,622.0,-0.3790698991714586,방이동고분군(방산고등학교),897,-0.5830254564822303
3111021,175.0,0.5312904597598793,방이역 4번,514,0.0772831177752027
3111022,,,석촌중학교(방이육교),902,-0.595284313957699
3111023,454.0,-0.0625433561709245,,,
3111024,,,경찰병원역 4번(건너말공원),895,-0.5743298842613385
3111025,,,경찰병원역 3번,167,0.7323662490145331
3111026,207.0,0.4442484848049584,문정역 2번,456,0.1754225830435146
3111027,370.0,0.0875894135583774,문정초등학교,351,0.3333327582738915
3111028,354.0,0.1205082917443418,문현중학교(장지역 1번),927,-0.6397872901917981
3111030,230.0,0.3706064707459834,방이역 2번,73,1.2891947646322168
3111031,213.0,0.410761956299418,장지동주민센터(한림연예예술고교),173,0.712728760540996
3111032,46.0,1.289800282456886,방이역 1번,29,1.8581579953667011
3111034,258.0,0.313518037567277,오동나무공원(송파레미니스1단지),176,0.7020062584163455
3111038,13.0,1.8732573150545448,보인중학교,91,1.0718851408081929
3111039,3.0,2.303449337173092,벌말어린이공원,25,2.09107655568281
3111042,201.0,0.4612619673002162,,,
3111044,701.0,-0.5803786784045826,남천초등학교,723,-0.2475107465873348
3111046,158.0,0.5792621902499869,마천역(마천초등학교),78,1.2492668670412248
3111048,,,천호역 1번(천호문구완구거리),589,-0.0336585363840487
3111049,164.0,0.5522727225451559,천호지구대(천호동자전거거리),517,0.07508155686317282
3111051,630.0,-0.4037776566155978,천호역 6번,679,-0.16576940339866436
3111052,623.0,-0.3794794563896284,암사역 3번(천호동자전거거리),145,0.8057788927493366
3111053,668.0,-0.4992843634137726,성내천어린이공원(하니사랑길),272,0.47076725116632934
3111057,143.0,0.6157342397254985,천호공원(해공체육문화센터),156,0.771176929885514
3111059,403.0,0.0370804825295422,강동역 4번(강풀만화거리),349,0.33417284207272385
3111060,599.0,-0.3357929642332042,암사역 2번(서울강동초등학교),233,0.581958279320727
3111061,516.0,-0.1843920718340088,암사역 1번,402,0.2546938803625106
3111062,412.0,0.0221851229264286,둔촌동역 3번(성내3동주민센터),544,0.03558186386953184
3111063,566.0,-0.2880251976387161,강동구립 천호도서관,944,-0.6808541048564902
3111064,,,둔촌동역 4번,956,-0.7313689562701797
3111065,,,천일초등학교,695,-0.1939709331146905
3111066,272.0,0.2930361897644631,암사동성당(효정하나플러스아파트),175,0.702087932960032
3111067,467.0,-0.0826017510466681,강동구립성내도서관,32,1.8155350023459438
3111069,10.0,1.9788053314035825,,,
3111072,197.0,0.4761889367728141,굽은다리역 1번(십자성마을),115,0.9589224500087367
3111073,51.0,1.2205424328296075,둔촌동역 1번(한산중학교),394,0.2666021738041355
3111074,,,명일역 1번,274,0.4668928317059825
3111075,,,굽은다리역 2번,179,0.6978947934829546
3111076,232.0,0.3684511115238008,둔촌2동주민센터,9,2.760021094111132
3111077,181.0,0.5183616282433572,길동주민센터(강동도서관),366,0.30071765418317653
3111078,262.0,0.3102589345229526,굽은다리역 4번,307,0.39814263986594034
3111079,,,둔촌고등학교(둔촌중학교),416,0.2312250072215588
3111080,433.0,-0.0248476228600369,,,
3111085,460.0,-0.0741205194091,묘곡초등학교(고덕아이파크아파트),790,-0.3563410040081527
3111086,132.0,0.6659107037040941,한영중고,827,-0.43517707978262676
3111088,84.0,0.9565658013981037,고덕동성당,223,0.601114689257273
3111089,629.0,-0.401775855170336,상일여고(상일초등학교),383,0.27531731279549254
3111090,,,강일동주민센터,429,0.22087295665960713
3120001,326.0,0.1862742609206588,서대문역,465,0.1595275471824858
3120002,553.0,-0.2460506169861365,서촌(경복궁역),833,-0.44773114580450335
3120003,693.0,-0.557531195573473,광화문역,767,-0.3135782541923347
3120004,502.0,-0.1606016746100872,종로구청,674,-0.16004082879889286
3120005,299.0,0.2364705359967168,삼청동,445,0.19771878489106734
3120006,729.0,-0.6596433550576337,종각역,811,-0.3998665725597612
3120007,685.0,-0.5451181695076925,북촌(안국역),864,-0.5072694210697682
3120008,557.0,-0.2618633945695121,인사동,759,-0.30444420025053154
3120009,792.0,-0.9220041341810828,종로3가역,848,-0.47547859717263263
3120010,381.0,0.0676905415060746,원남동사거리,125,0.918116073257168
3120011,237.0,0.3605371906381249,종로4가,688,-0.1792645949803718
3120012,720.0,-0.6381796029317942,대학로(혜화역),917,-0.6170823623597782
3120013,474.0,-0.0967180727796773,이화사거리,568,0.000570133578983445
3120014,661.0,-0.4816871897356519,종로5가역,778,-0.3369334050246955
3120015,182.0,0.5137183175081431,종로6가,884,-0.5412725464434218
3120016,430.0,-0.0116283907938085,동대문역,228,0.5890837564127775
3120017,846.0,-2.048996257496864,동묘앞역(동묘),740,-0.262968990766476
3120018,530.0,-0.2039305226033687,중림동,769,-0.31678546615806613
3120019,61.0,1.151368608233391,경찰청앞교차로,162,0.7515659612273294
3120020,736.0,-0.682087239329298,시청역_1번,995,-0.8800197708130443
3120021,718.0,-0.6363657106819298,시청역_8번,870,-0.5191537590063009
3120022,841.0,-1.648821658853484,북창동(시청역_6번),1072,-1.6800581238563745
3120023,741.0,-0.7006777063833663,서울시청,1005,-0.93825840998334
3120024,823.0,-1.14255425281504,회현역,1008,-0.9482413873865524
3120025,660.0,-0.4806028977608695,롯데백화점(시청광장 지하쇼핑센터),1032,-1.1150950446058752
3120026,628.0,-0.3999185741372542,을지로입구역,762,-0.30541831487288107
3120027,276.0,0.2828609468152468,명동역(명동재미로),755,-0.2972658226598543
3120028,752.0,-0.7490259189370396,명동(명동거리),1053,-1.3440280819957888
3120029,405.0,0.0338477031779703,,,
3120030,351.0,0.1306295160007791,중부경찰서(영화인의거리),637,-0.1045766799037666
3120031,810.0,-1.0222184934365082,을지로3가역,1018,-1.009397546912736
3120032,735.0,-0.6804858371773833,충무로역,924,-0.6367394525351872
3120033,340.0,0.1580983110515896,을지로4가역,985,-0.854909211327585
3120034,,,중구청(퇴계로4가),96,1.0393172804327684
3120036,755.0,-0.7504419736563004,장충동족발거리(남소영길),979,-0.8419790229503109
3120037,666.0,-0.4885736464450009,동대문역사문화공원역,835,-0.4515748140961558
3120038,490.0,-0.124168086501272,약수역,626,-0.09282099662706916
3120039,426.0,-0.0032503821229423,신당역,972,-0.8080843264991944
3120040,135.0,0.639809242988831,용산전자상가(용산역),644,-0.11434000464871186
3120041,817.0,-1.0777012986230765,신용산역(용산역),961,-0.7546752028907503
3120042,372.0,0.0836236652392496,"숙대입구역(남영역, 남영동)",505,0.09089003535179327
3120043,669.0,-0.5077350825281345,서울역,696,-0.19610117369808577
3120044,842.0,-1.8037059378888904,삼각지역,1061,-1.451262884865946
3120045,839.0,-1.521818017047959,남영동 먹자골목,1043,-1.2262507865983712
3120046,754.0,-0.7500190903471065,이태원(이태원역),957,-0.7356473404979109
3120047,801.0,-0.9695482557348892,한남오거리,1046,-1.2453921325800228
3120048,321.0,0.197361195343186,금호역,546,0.03472710929074826
3120049,659.0,-0.4797924979807052,왕십리역(왕십리),829,-0.4403330224799008
3120050,,,서울숲역,252,0.5323589709414127
3120051,655.0,-0.4656739451668781,뚝섬역,980,-0.8452079037942679
3120052,719.0,-0.6375847980755955,성수역,860,-0.49939440599646145
3120053,434.0,-0.028960745596546,건대입구역(건대),470,0.14852167603175737
3120054,824.0,-1.156346915469899,어린이대공원역,916,-0.6163833671157787
3120055,593.0,-0.3248004978298007,군자역,914,-0.6148920745037685
3120056,443.0,-0.0409218840856806,구의역,569,-0.0008334741645718846
3120057,270.0,0.2953370109199903,아차산역,355,0.315772318793133
3120058,102.0,0.8030460442519396,구의사거리,453,0.18436012080542824
3120059,533.0,-0.2121519530285793,구삼강변맛길,993,-0.8749504455134691
3120060,255.0,0.3177578773894686,강변역(테크노마트),619,-0.08370027326752669
3120061,,,올림픽대교북단,809,-0.3990482003727853
3120062,482.0,-0.1165208399962919,신설동역,247,0.5443916196124443
3120063,812.0,-1.0334116867717191,청량리역(청량리),1023,-1.0262811838921093
3120064,140.0,0.6339631688972942,경희대학교(경희대),327,0.36045146150527807
3120065,677.0,-0.5330076431414236,회기역,863,-0.5019600599898248
3120066,728.0,-0.6583132062472772,장한평역(장한평),984,-0.8524156168223574
3120067,699.0,-0.5740844902436392,장안동사거리,760,-0.30448709885137043
3120068,287.0,0.2530207262155134,사가정역,393,0.2668176386515355
3120069,827.0,-1.19058135274368,상봉역,1035,-1.1512013271111554
3120070,734.0,-0.6803091150296219,한성대입구역,962,-0.7597917899136752
3120071,364.0,0.0977897029097072,성북구청,774,-0.3302312517453471
3120072,670.0,-0.5103777306124745,성신여대,610,-0.07327263347609807
3120073,59.0,1.1582323554868208,미아사거리,225,0.5919376905361768
3120074,585.0,-0.3123347803086736,안암역,1001,-0.9117091595822449
3120075,466.0,-0.0825632433728839,월곡역,475,0.1403488042301521
3120076,353.0,0.1290747013587414,수유역,830,-0.44166437979242423
3120077,641.0,-0.4325777038648832,미아역,890,-0.5579159846589846
3120078,173.0,0.5325272040756452,미아사거리역,103,1.0168124441299293
3120079,603.0,-0.3389186620247911,창동역,721,-0.24581395388372476
3120080,281.0,0.2673298933431855,마들역,692,-0.1889016757666927
3120081,363.0,0.0998064731181424,노원역,649,-0.11935323436806901
3120082,43.0,1.327122016601746,상계백병원,711,-0.2222729237933775
3120083,218.0,0.3986950478817672,등나무근린공원,716,-0.23304572563650422
3120084,803.0,-0.973993897819362,공릉역,1021,-1.0215297241278067
3120085,371.0,0.0865806597267686,은행사거리,532,0.05804675198062102
3120086,700.0,-0.5749620683480453,태릉입구역,812,-0.401025375196065
3120087,229.0,0.3708686861977904,응암역,488,0.11581390033655514
3120088,608.0,-0.3491903373010521,구산역,606,-0.0643005674019734
3120089,41.0,1.357902767586487,구파발역,241,0.5544716074281522
3120090,361.0,0.1004089539349778,연신내역,588,-0.03332641551369604
3120091,435.0,-0.0306681884037799,본서부병원,753,-0.2896877183240002
3120092,563.0,-0.2778205176957464,불광역,521,0.06971313764199653
3120093,587.0,-0.3143337361765976,연희동,562,0.009276405587169183
3120094,415.0,0.0144895465769765,"신촌역(신촌역, 신촌로터리)",594,-0.041390757103806367
3120095,414.0,0.0174555869605465,홍제역,687,-0.17743596164100142
3120096,422.0,0.0061682886930591,"이화여대(이대역, 이대)",507,0.08674982076545948
3120097,98.0,0.8160429394488257,충정로역,200,0.6450757410029102
3120098,568.0,-0.2909604783804718,DMC(디지털미디어시티),780,-0.3422838212959665
3120100,244.0,0.3457072179587075,망원역,712,-0.22291540063673462
3120101,317.0,0.2007106781243258,합정역,581,-0.016138226074355548
3120102,690.0,-0.5537471415140812,서교동(홍대),853,-0.4899060671380613
3120103,773.0,-0.8313582317650057,홍대입구역(홍대),862,-0.5012992396459842
3120104,406.0,0.0312977199472794,연남동(홍대),659,-0.1341457689157627
3120105,101.0,0.8038400025993907,상수역(홍대),360,0.31282286420326316
3120106,540.0,-0.2233117691848347,마포역,613,-0.07663525615673042
3120107,722.0,-0.6454484985979538,공덕역(공덕오거리),814,-0.40503739324685445
3120108,419.0,0.009746595503668,신정네거리역,646,-0.11570530751770902
3120109,151.0,0.5959150252378194,서울남부지방법원,253,0.5310571314779882
3120110,352.0,0.1296736474636847,목동역 8번출구,457,0.174567548204054
3120111,379.0,0.0687846452874988,목동사거리,638,-0.10576101903408597
3120112,667.0,-0.4920762754932108,등촌역,817,-0.41375097247495796
3120113,228.0,0.372152458464031,오목교역,561,0.011102620631318966
3120114,253.0,0.3265138085295163,목동신시가지,836,-0.45484029031080786
3120115,,,김포공항역(김포공항),964,-0.7624562756398526
3120116,224.0,0.3871273434881963,송정역,419,0.22815447141832768
3120117,,,강서농산물도매시장,495,0.10705702509929903
3120118,,,마곡역(마곡),776,-0.3352821903975879
3120119,562.0,-0.2743666040615534,발산역(마곡),939,-0.6702841320845115
3120120,664.0,-0.4874604552917744,화곡역,850,-0.48167063798329046
3120121,725.0,-0.6527711379609549,까치산역,503,0.09259161507310107
3120122,367.0,0.0907942603455385,강서구청,431,0.21984820011039582
3120123,595.0,-0.3278200596274004,오류동역,766,-0.3131794136783489
3120124,702.0,-0.5820114924585149,개봉동 현대아파트,743,-0.26916140222944995
3120125,535.0,-0.2149675685728286,구로역,789,-0.3523913039586978
3120126,112.0,0.7202415679813474,디지털단지오거리,422,0.22459007703078443
3120127,705.0,-0.5915777868063757,구로구청,982,-0.8457481120813245
3120128,338.0,0.1601714822115615,신도림역,395,0.2663947401728898
3120129,727.0,-0.6564447331955718,구로디지털단지,983,-0.8523242711449769
3120130,547.0,-0.2316787327554946,구로디지털단지역,729,-0.25177081031032783
3120131,758.0,-0.7821689541475279,가산디지털단지,936,-0.6595741053520497
3120132,90.0,0.8888694581267038,독산동,438,0.2095843634508365
3120133,627.0,-0.3976114659126791,서울시흥동우체국(홈플러스시흥점),763,-0.3060980970716537
3120134,333.0,0.1735394076051242,구로전화국,977,-0.8350828158247622
3120135,,,양평역,752,-0.28952623399469957
3120136,653.0,-0.4610823856709861,영등포구청역,909,-0.6065960636411036
3120137,539.0,-0.2209593206766651,,,
3120138,63.0,1.1235916125294132,당산2동(영등포우체국),421,0.22542220965753765
3120139,113.0,0.7184728463323309,대림3동사거리,42,1.668858180122594
3120140,437.0,-0.0352587540543033,문래동주민센터,650,-0.11972423912067212
3120141,776.0,-0.8480770735786257,영등포청과시장교차로,99,1.0338353830773614
3120142,632.0,-0.4117862586235777,대림역,888,-0.5522452230813167
3120143,744.0,-0.7151947001962811,당산역,948,-0.6959291127451321
3120144,342.0,0.1562058737922551,영중로,47,1.5730579145365753
3120145,648.0,-0.4572542061080986,영등포역(영등포),563,0.006824126952676632
3120146,,,한강성심병원,364,0.3022095200875956
3120147,260.0,0.3116832339476591,보라매역,432,0.2174763618779833
3120148,697.0,-0.5731783083107955,국회의사당역(국회의사당),935,-0.658020717991217
3120149,682.0,-0.5438932994996382,여의도역(여의도),919,-0.6226580209559405
3120150,62.0,1.1483624310166116,63빌딩,705,-0.20772753319054685
3120151,398.0,0.0435820817779901,보라매공원,618,-0.0803634898042421
3120152,546.0,-0.2310293264634671,신대방삼거리역,791,-0.3582359216701339
3120153,717.0,-0.6359274827280281,노량진역(노량진),685,-0.16875041069734303
3120154,,,장승배기역,652,-0.12027706534860341
3120156,522.0,-0.1922885914691277,"총신대입구역(이수, 총신대)",805,-0.38325241438669877
3120157,301.0,0.2304151479794041,신림역(신림),486,0.12144229002261901
3120158,209.0,0.4238683302117633,녹두거리(대학동),289,0.4265186073146053
3120159,411.0,0.0250699257283111,서울대입구역,314,0.37806750419134155
3120160,681.0,-0.5422673509189752,사당역(사당),929,-0.6451467055044978
3120161,,,방배동가구거리(사당동가구거리),1076,-1.7653344569606058
3120162,418.0,0.0101378792161066,방배동카페골목,418,0.2300441151875942
3120163,,,사당역 11번(사당역먹자골목),1039,-1.1982637856923952
3120164,514.0,-0.1816816507002271,내방역,879,-0.5352893541135019
3120165,396.0,0.0441197980493571,서래마을카페거리(서래마을),480,0.13114418817802645
3120166,581.0,-0.3045013955807862,방배역,792,-0.35837481403559424
3120167,777.0,-0.8563538940884317,고속터미널(고속터미널역),988,-0.8638528695049881
3120168,148.0,0.6008196110542204,서울고교교차로,550,0.028490456398944302
3120169,606.0,-0.3478145489852517,서초역,717,-0.2352876136059516
3120170,704.0,-0.5902109908273495,삼호가든사거리,883,-0.5398792085256294
3120171,464.0,-0.0792646899359836,서초3동사거리,666,-0.14794109752398343
3120172,561.0,-0.271382328194783,교대입구교차로,185,0.6792956377581796
3120173,616.0,-0.3697813946832548,교대역(법원.검찰청),684,-0.1678498796175634
3120175,589.0,-0.3186003555022362,남부터미널역,654,-0.12682037184256145
3120176,639.0,-0.4286288066012114,,,
3120177,393.0,0.0516761888216686,신논현역 1번,244,0.5477986219229869
3120178,541.0,-0.224667306369508,신사역,775,-0.33104153954095505
3120179,775.0,-0.8413195800526778,양재역,949,-0.6975504866906754
3120180,650.0,-0.4589842292161282,양재화물트럭터미널앞,593,-0.0384305103080457
3120181,275.0,0.2880180998332738,교육개발원입구사거리,622,-0.089079588621231
3120182,366.0,0.0935698788490792,"양재시민의숲역(양재동꽃시장, aT센터)",584,-0.023252158372053196
3120183,743.0,-0.7087673952999485,양재천카페거리,1009,-0.948659260500899
3120184,373.0,0.0831619927036191,포이사거리(삼호물산),555,0.01779244174200617
3120185,483.0,-0.1197660541198699,논현역,832,-0.4460493236345839
3120186,65.0,1.1103361533291742,가로수길,213,0.6199610775040765
3120187,505.0,-0.1621876593032244,신논현역,670,-0.15324768454526044
3120188,512.0,-0.1739517212662936,압구정역,513,0.07879676126163743
3120189,708.0,-0.5970253664883548,강남역,761,-0.30516441902323566
3120190,234.0,0.3675670949887126,강남을지병원,604,-0.062348312146563764
3120191,314.0,0.2081772355953743,학동역,722,-0.2474614518410304
3120192,451.0,-0.0615257751623829,뱅뱅사거리,710,-0.22201168465336302
3120193,420.0,0.009122932433031,도산공원교차로,57,1.437441909020058
3120194,723.0,-0.646853548444456,언주역(차병원),987,-0.8631990929274662
3120195,179.0,0.5264444076893406,성수대교남단,508,0.08663488507790698
3120196,375.0,0.0728510872584258,서울세관,148,0.8008256245564588
3120197,565.0,-0.2826542131023459,역삼역,623,-0.08919799949257758
3120198,458.0,-0.0707045937740304,구역삼세무서,444,0.19841463472144172
3120199,72.0,1.066219889944039,경복아파트교차로,217,0.6118481818207526
3120200,126.0,0.679445320624467,학동사거리,657,-0.13257342790904292
3120201,16.0,1.7779464892629662,도곡1동,260,0.5135104451248373
3120202,322.0,0.195586695933249,압구정로데오역(압구정로데오),901,-0.5945599608791888
3120203,261.0,0.3107824984848728,강남구청역,481,0.13095313001286782
3120204,390.0,0.053892520863184,르네상스호텔사거리,417,0.23089174689174902
3120205,498.0,-0.1429408642426851,매봉역,751,-0.2894192619845015
3120206,77.0,1.0312764660120544,개나리아파트,305,0.40223479853620114
3120207,227.0,0.3740481243957139,선정릉역,515,0.07570853493162649
3120208,421.0,0.0070619847874235,청담사거리(청담동명품거리),795,-0.3626826866949099
3120209,307.0,0.2215436635578391,"강남구청(청담역_8번, 강남세무서)",900,-0.5937704249932205
3120210,654.0,-0.463262401437077,선릉역,855,-0.49223869756762023
3120211,427.0,-0.0076801253570642,도성초등학교,94,1.0498530934389236
3120212,428.0,-0.0079660386640256,한티역,852,-0.4897556322799165
3120213,488.0,-0.1234081391753159,삼성중앙역,632,-0.09686100799875141
3120214,187.0,0.4991933697072253,영동대교남단교차로,19,2.188720495900567
3120215,598.0,-0.3334213736766317,포스코사거리,333,0.35605837637307486
3120217,614.0,-0.3652916476931332,대치사거리,681,-0.1670543657766123
3120218,309.0,0.2173825596806441,,,
3120219,794.0,-0.9317262603988374,은마아파트,321,0.3694978476175892
3120220,21.0,1.6558953527431397,대치역,290,0.42613152242828745
3120221,465.0,-0.0805040127518708,봉은사역,921,-0.6253588176606143
3120222,231.0,0.3697042359377481,삼성역,15,2.403991693232534
3120223,,,휘문고교사거리,1037,-1.1679558064064723
3120224,642.0,-0.4401501157014756,수서역,981,-0.8456844964540754
3120225,657.0,-0.4729399853430999,잠실새내역(신천),932,-0.6527138783372882
3120226,615.0,-0.3681103867942469,석촌고분역,242,0.5501963551179616
3120227,836.0,-1.4565031743190495,잠실역,1036,-1.1672984146166177
3120228,449.0,-0.0530492902339657,석촌역(석촌호수),484,0.12763993282685113
3120229,814.0,-1.0376904784259025,방이동먹자골목,1019,-1.0147834367832786
3120230,507.0,-0.1669534613500012,송파사거리(송파역),667,-0.14967719664931595
3120231,800.0,-0.9624748484143972,가락시장,704,-0.20735435160609794
3120232,108.0,0.7809206672142255,송파나루역,287,0.4307668197101443
3120233,833.0,-1.3356741100978775,몽촌토성역,1051,-1.3361742478743797
3120234,452.0,-0.0620354477685856,가락시장역,284,0.4339396668499377
3120235,529.0,-0.2035038071007656,문정역,714,-0.2308956688577529
3120236,739.0,-0.6882892183034273,장지역(가든파이브),876,-0.5324473729811744
3120237,109.0,0.7761351880748552,경찰병원역,143,0.8139990445852673
3120238,640.0,-0.4313995212398402,방이역,216,0.6152285803806916
3120239,573.0,-0.2933968764011254,오금역,719,-0.24268180131721684
3120240,694.0,-0.5641820041592502,개롱역,282,0.43926721860241835
3120241,592.0,-0.3236090054253048,거여역,661,-0.13712396862176662
3120242,519.0,-0.1856737018440475,강동구청역,255,0.5223657249127888
3120243,811.0,-1.0332404234350452,천호역,943,-0.6794558740650012
3120244,324.0,0.192710164054144,암사역,733,-0.254289125395863
3120245,781.0,-0.8731042148802441,둔촌역,968,-0.7898834460561739
3120246,644.0,-0.4412556034528475,길동역,846,-0.47127438227803065
3120247,336.0,0.1627317760379517,굽은다리역,889,-0.5563395847323814
3120248,485.0,-0.1228280698545836,명일역,765,-0.31224363195808424
3120249,486.0,-0.1232832702889998,고덕역,798,-0.3687736967695591
3130001,759.0,-0.7871210825077491,통인시장,1027,-1.0507533007958618
3130002,663.0,-0.4870315559536153,세종마을음식문화거리(금천교시장),999,-0.9053895443477463
3130004,,,낙원시장(낙원지하시장(대일상가)),324,0.3665298330309468
3130005,,,세운상가가동,938,-0.6695407104102642
3130007,193.0,0.4863681424344548,광장시장(광장전통시장),905,-0.5986848293682909
3130010,586.0,-0.312862182924397,종로신진시장,336,0.35128376818761264
3130014,,,동문시장,1040,-1.206009626532189
3130015,527.0,-0.1984286175254654,창신골목시장,403,0.2546855128284963
3130018,368.0,0.0894979807789529,동대문문구완구거리(동대문문구완구시장),851,-0.4851730253423474
3130020,,,동묘시장(동묘벼룩시장),1073,-1.6944154197197367
3130022,,,숭례문수입상가(남대문시장),1024,-1.027453178507121
3130024,796.0,-0.948375231932586,남대문시장(자유상가),989,-0.8654804554190672
3130025,,,삼익패션타운(남대문시장),894,-0.5735329849486209
3130031,,,청계천공구상가,7,2.8748583801553242
3130032,795.0,-0.935352907205702,인현시장,813,-0.4043121043163692
3130033,,,대림상가(청계상가),66,1.3791030415019463
3130035,612.0,-0.363357438059543,방산종합시장(방산시장),737,-0.2571808809774297
3130036,826.0,-1.1587465946739808,중부시장(신중부시장),754,-0.2900301255448397
3130042,774.0,-0.8400358933300813,약수시장,911,-0.6092227251075605
3130048,,,동평화시장,54,1.4677829883061828
3130051,45.0,1.3002285216077971,동화동 골목형상점가,556,0.015849323450439712
3130052,706.0,-0.5916505043762561,서울중앙시장(신중앙시장),734,-0.2549644492304437
3130053,345.0,0.147110281154426,백학시장,427,0.22111192226559695
3130054,,,황학동주방가구거리상점가,950,-0.6979094045938089
3130055,554.0,-0.246649800342324,"황학시장(서울중앙시장, 신중앙시장)",545,0.03505813416504372
3130056,799.0,-0.9583060487055948,용산용문시장,807,-0.39111792535118933
3130057,,,만리시장,428,0.2210548609989345
3130058,407.0,0.0302095463660531,이촌종합시장,412,0.2346920406173248
3130059,462.0,-0.0760309175846845,후암시장,331,0.35743362239268905
3130060,844.0,-1.8496783499742189,신흥시장,1079,-2.078189529271559
3130061,,,이태원시장,952,-0.7046032702577061
3130063,382.0,0.0629031926418585,신금호역 골목형상점가,633,-0.0998116488299248
3130064,,,금남시장,570,-0.0015038128971859854
3130065,656.0,-0.4677502938500095,무학봉상점가,773,-0.3265641359174276
3130066,737.0,-0.6862641833362364,행당시장상점가,912,-0.6126206369005751
3130067,440.0,-0.0366383637211244,왕십리도선동상점가,306,0.40026016902685047
3130068,68.0,1.088727996311057,마장축산물시장,49,1.5383634530503592
3130069,394.0,0.0486114293398358,"한양대앞상점가(한양시장, 왕십리맛골목)",749,-0.28439908001112707
3130070,409.0,0.0277712532834808,뚝섬역상점가,494,0.10768653708226289
3130072,590.0,-0.321777582781389,성동용답상가시장,745,-0.27175554086292547
3130073,829.0,-1.197118891651833,뚝도시장,903,-0.5956886667716855
3130074,,,영동교골목시장,292,0.4253025573433993
3130076,746.0,-0.7219134699051146,능동로골목시장,925,-0.6386978471626589
3130078,75.0,1.0350228920733804,화양제일골목시장,119,0.9350513014193051
3130081,509.0,-0.1678725508670116,자양골목전통시장(자양골목시장),906,-0.6013268759514374
3130083,473.0,-0.0953411800053914,"중곡제일시장(중곡제일골목시장, 광성시장)",777,-0.3363099683354838
3130084,,,신성시장(신성골목시장),1025,-1.0312943333284859
3130086,475.0,-0.1004802664114179,서울약령시장,261,0.5097960295647603
3130087,,,경동광성상가(경동시장),1013,-0.9533373493978582
3130088,,,경동시장,1031,-1.1026203054485144
3130090,,,청량리종합시장,886,-0.5456691608511505
3130091,,,청량종합도매시장,1030,-1.0965816259098415
3130092,,,청량리농수산물시장,1081,-2.4450365806504673
3130094,845.0,-1.8560508656518573,청량리청과물시장,1055,-1.3518110511033061
3130095,813.0,-1.0372910797803825,청량리전통시장,941,-0.6714388367503189
3130098,168.0,0.5419007391137599,회기시장,342,0.3436048739643474
3130099,,,전농로터리시장,940,-0.6710655078252672
3130100,687.0,-0.5487231678155672,답십리시장,463,0.1638061931276854
3130101,,,답십리현대시장,58,1.4302120010229666
3130104,,,전곡시장,1047,-1.261614010468427
3130105,,,장미제일시장(중화동제일시장),265,0.49869231228118355
3130106,806.0,-1.0055057622056904,중랑동부시장,700,-0.2050386703351359
3130109,107.0,0.7910946694057481,묵1동도깨비시장,109,0.9987329266838068
3130110,574.0,-0.2934520649939164,면목골목시장(면목시장),408,0.23876412010363487
3130111,469.0,-0.0864546838728638,"동원전통종합시장(동원시장, 동원전통시장 상점가)",866,-0.5164948029822033
3130112,190.0,0.4900642586762236,사가정시장,1012,-0.9526818428125468
3130113,,,신아타운,954,-0.7118673773291573
3130115,760.0,-0.7887230602443345,우림골목시장,926,-0.6393979144701262
3130117,753.0,-0.7491223434500085,정릉시장,699,-0.20482575418021057
3130120,782.0,-0.8740384011261678,돈암시장(돈암제일시장),978,-0.8394610257845279
3130121,,,길음시장,1014,-0.9698873079223777
3130125,,,장위전통시장,87,1.0990323358062275
3130128,453.0,-0.0621453140934727,돌곶이시장(석관황금시장),1026,-1.0332628728419986
3130129,,,장미원골목시장,636,-0.10245484643953517
3130132,805.0,-1.0032485072461392,삼양골목시장(삼양시장),502,0.09339378936384872
3130133,,,우이골목시장(우이시장),1022,-1.0252911321377731
3130134,564.0,-0.2785942639094057,"솔샘시장(미아6,7동골목시장)",620,-0.08392229332663502
3130135,302.0,0.2272733114747637,수유중앙골목시장(수유중앙시장),206,0.6352723840589678
3130137,,,"수유전통시장(수유시장, 수유골목시장)",1048,-1.281695687593439
3130139,679.0,-0.5372851128232952,강북종합전통시장(강북종합골목시장),764,-0.3116854721988386
3130140,92.0,0.8827434350791069,숭인시장,52,1.5106227417338904
3130141,,,강북북부골목시장,63,1.3865210954997265
3130143,,,방천골목시장,937,-0.6674861245882198
3130145,840.0,-1.6170598600311907,,,
3130146,484.0,-0.1203513160482517,쌍문시장(쌍문역골목시장),671,-0.15540641333278699
3130147,742.0,-0.7067871277096492,쌍문역동측상점가,828,-0.4354615596750584
3130148,328.0,0.18250287283814,방학동도깨비시장,415,0.23199434392001095
3130149,404.0,0.0362556813940877,창동신창시장,433,0.21521137850043748
3130150,408.0,0.0284961975389014,창동골목시장,849,-0.4811972384408733
3130152,,,오!도봉거리 상점가,184,0.6865532879235617
3130153,770.0,-0.8178533283419693,창동역상점가,1002,-0.9158813661436251
3130154,,,상계주공1단지(가)상가,1006,-0.944022514219319
3130157,388.0,0.0544823390423075,상계중앙시장,603,-0.05573779013863524
3130159,609.0,-0.3496517414118214,공릉동 도깨비시장,738,-0.2603519302688288
3130163,601.0,-0.3363086344621863,응암오거리상점가,592,-0.0380971915757731
3130165,822.0,-1.1357256018655808,"대림골목시장(대림시장, 양지시장)",1062,-1.4678970257017423
3130166,,,응암시장(신응암시장),539,0.04635437248636792
3130167,311.0,0.2136681850507053,연신내상점가(연빛거리),318,0.37457862691528154
3130168,821.0,-1.1004410491541456,연서시장,947,-0.6958413988566466
3130169,69.0,1.0885778016821637,대조시장,130,0.8905141367262289
3130170,643.0,-0.4411363362751883,제일시장,258,0.5181884943077371
3130171,329.0,0.1809240775732619,불광먹자골목 골목형상점가,203,0.641321369373167
3130172,,,모래내시장(서중시장),820,-0.4197616435171949
3130176,,,유진상가,385,0.27266891544731575
3130177,692.0,-0.5556613697299158,인왕시장(홍제골목형상점가),896,-0.5807873057107453
3130178,750.0,-0.7372716781270168,,,
3130179,635.0,-0.420717061785557,"이화여대 3,5,7길 상점가",473,0.1435217555058331
3130180,162.0,0.5580869529186985,포방터시장,459,0.1730191404295029
3130181,,,아현가구거리상점가,526,0.06399197359480321
3130182,347.0,0.144539150086032,영천시장,741,-0.2635606125252099
3130183,441.0,-0.0376938508402146,상암동상점가,781,-0.3424636516129111
3130185,,,망원월드컵시장,139,0.8410491621308478
3130186,580.0,-0.3044129182274149,망원시장,739,-0.2619113237980767
3130190,374.0,0.0759046871243952,홍대소상공인상점가,573,-0.007705391679158034
3130191,767.0,-0.8119199949640851,홍대 걷고싶은 거리,728,-0.25166331002476544
3130194,468.0,-0.0844344503012739,용강동 상점가,698,-0.20274703714948347
3130195,555.0,-0.2545340035435526,도화동 상점가,772,-0.32653109136149994
3130196,455.0,-0.0654718239218904,공덕시장,576,-0.011353736213715881
3130197,476.0,-0.1083526335566831,마포시장,238,0.5633755947105848
3130198,203.0,0.4538016061922408,아현시장,190,0.6721573485208225
3130201,,,월정로시장,195,0.6595860579204071
3130202,793.0,-0.9280440561345016,신영시장,1015,-0.9791235112719873
3130203,778.0,-0.8657704038098737,서서울 골목형상점가,169,0.724217387175025
3130204,567.0,-0.2883305794955513,경창시장,786,-0.35022323680726886
3130205,,,신곡종합시장(신월6동 골목시장),251,0.5379849562324535
3130207,582.0,-0.305593099389318,신정1동 골목시장(신정제일시장),639,-0.10870996182703345
3130208,756.0,-0.7536999787230978,목동깨비시장(목3동시장),690,-0.18416894758221747
3130209,174.0,0.5323044799629251,목사랑시장(목4동시장),565,0.005257907729647612
3130210,610.0,-0.3516929949438728,목2동시장,640,-0.11097501100939819
3130212,,,공항시장,72,1.3141031117766742
3130213,66.0,1.10825562768855,방신전통시장,793,-0.36105956137202017
3130214,772.0,-0.8271511627891625,송화벽화시장(송화골목시장),859,-0.499170853825717
3130216,716.0,-0.6313707543908681,화곡중앙시장,237,0.5641764131485025
3130217,313.0,0.2082020769718875,화곡본동시장,323,0.36795317975551867
3130219,768.0,-0.812999499018554,까치산시장,770,-0.31964032369212503
3130221,620.0,-0.3777871987928071,"남부골목시장(남부화곡시장, 남부시장)",808,-0.39808630873084505
3130222,,,오류시장,248,0.5419113671635072
3130223,492.0,-0.1313165723212447,고척근린시장,735,-0.2555523909428912
3130225,144.0,0.6147736727266959,개봉중앙시장,621,-0.08577669327672144
3130227,,,고척골목시장상점가(그라운드 고척),541,0.04067207260770994
3130228,726.0,-0.6551868711985389,구로시장,958,-0.7373850817478749
3130229,446.0,-0.0482365255547001,남구로시장,788,-0.35143686870296664
3130230,,,가리봉시장,64,1.3863657929117312
3130231,,,독산동 우시장,878,-0.5342153920834248
3130232,160.0,0.5719111245952071,독산동 맛나는거리상점가(독산동 맛나는거리),499,0.1006273416986631
3130233,215.0,0.4082280162216178,남문시장,205,0.6359177188802105
3130235,416.0,0.0117953308920972,대명여울빛거리시장(대명시장),219,0.607574814770401
3130236,634.0,-0.4170179621498832,비단길현대시장(현대시장),930,-0.6480671628562381
3130238,,,은행나무시장,413,0.23276497462376544
3130241,356.0,0.1162003520120673,선유도역 골목형상점가,467,0.1567730757078438
3130242,,,대림중앙 골목형상점가,1045,-1.2426098551567457
3130244,94.0,0.8471109737377139,대림중앙시장,482,0.13088849838371946
3130245,,,영일시장,51,1.5181227617594746
3130246,,,영등포청과시장(조광시장),28,1.8710684797682084
3130247,,,우리시장,118,0.9405472104647384
3130248,304.0,0.2248680109242309,영등포역지하도상점가,664,-0.14012962417963226
3130249,,,동남상가,1044,-1.235609538236774
3130250,,,삼구시장(로타리상가),1052,-1.3423763720312487
3130253,,,영신상가(제일상가),933,-0.6546483480466728
3130255,,,영등포전통시장,1077,-1.7708606287249893
3130257,,,영등포시장기계공구상가,397,0.261811644573257
3130260,,,신대방1동골목상권,823,-0.4281709127954111
3130261,355.0,0.1166896772763678,성대전통시장(성대시장),1063,-1.5032837431192294
3130265,64.0,1.122357881678152,노량진중앙시장,137,0.8533353349404262
3130268,625.0,-0.3815696083719267,상도전통시장,101,1.0260424057862088
3130271,171.0,0.5350480081173059,남성역골목시장,915,-0.6159215798961699
3130273,323.0,0.1938577978982383,남성사계시장(남성시장),715,-0.23195406366924018
3130274,508.0,-0.1674608633821158,사당1동먹자골목상점가(사당1동먹자골목),577,-0.011515740694777094
3130275,,,강남골목시장,116,0.9582406512451652
3130277,,,조원동 펭귄시장(신림중앙시장),370,0.29569596700199313
3130278,,,미성동 도깨비시장 골목형상점가,388,0.2707250910447423
3130279,,,관악신사시장,454,0.18080135203671657
3130283,569.0,-0.291659067991458,신원시장,1007,-0.9444228541420607
3130285,312.0,0.2117721847892372,서원동상점가,435,0.2138571203785599
3130287,,,삼성동 시장(삼성동시장),840,-0.4614967692704172
3130290,649.0,-0.458349063673491,영림시장,299,0.41254052132456004
3130294,818.0,-1.0821595734043046,관악중부시장,583,-0.02286746423779707
3130295,377.0,0.0716074730332436,인헌시장(원당종합시장),266,0.4955422148721368
3130301,,,양재시장,117,0.9438677203829734
3130302,,,강남시장(강남구 강남시장),34,1.8028175047657562
3130303,763.0,-0.7960074360783459,영동전통시장,965,-0.7632885197499857
3130306,166.0,0.5487410292600049,강남언주로,178,0.7001822722429678
3130308,,,청담삼익시장,564,0.006218759151496028
3130310,358.0,0.1042625652260109,강남개포시장,361,0.3096866305050068
3130311,738.0,-0.6877123932332283,새마을시장,727,-0.2511170865490848
3130312,713.0,-0.6249628087659507,석촌시장,1056,-1.3795127551100548
3130313,536.0,-0.217921044382907,방이시장,540,0.04266719014632096
3130314,154.0,0.589073027949289,풍납시장,485,0.12176381535494551
3130315,30.0,1.5417010603363013,문정동 로데오거리 상점가(문정동 로데오거리),107,1.002383654112308
3130316,,,마천시장,885,-0.5415371524926147
3130317,472.0,-0.0908157445385204,마천중앙시장,262,0.5086973949026186
3130318,676.0,-0.5329772220408153,로데오거리상점가,784,-0.34767005542945595
3130319,145.0,0.6121161763151274,성내전통시장,291,0.4254952188547661
3130320,684.0,-0.5446998406550932,암사종합시장,908,-0.6059323348773453
3130322,665.0,-0.4878569613627599,,,
3130323,733.0,-0.6725242352171179,둔촌역전통시장,904,-0.5966433266669894
3130324,450.0,-0.0541848144709173,길동복조리시장,677,-0.16382034217874905
3130326,,,고덕 골목형상점가,1038,-1.1909363952410073
3130327,,,"평화시장(남평화시장, 제일평화시장, 신평화패션타운)",803,-0.37931887533247205
