quarter,area_code,sales_amount,transactions,floating_population,segment,dimension,average_ticket,year
20221,3110091,670753207,20973,88060,남성,sex,31981.748295427453,2022
20221,3120005,5161704756,232079,129820,남성,sex,22241.153900180543,2022
20222,3110091,837468808,28203,98022,남성,sex,29694.316491153422,2022
20222,3120005,8455252419,379925,145811,남성,sex,22255.0567059288,2022
20223,3110091,693791271,20102,91154,남성,sex,34513.54447318675,2022
20223,3120005,7279391591,358312,136271,남성,sex,20315.790682422023,2022
20224,3110091,648895363,16872,90474,남성,sex,38459.89586296823,2022
20224,3120005,7538612237,328243,138673,남성,sex,22966.55903400834,2022
20231,3110091,619223282,19155,91987,남성,sex,32326.97896110676,2023
20231,3120005,6345073856,268601,140068,남성,sex,23622.673988555514,2023
20232,3110091,701464130,20868,94656,남성,sex,33614.343971631206,2023
20232,3120005,7590089794,367296,150857,남성,sex,20664.776621580415,2023
20233,3110091,648007991,19485,100674,남성,sex,33256.76114960226,2023
20233,3120005,6477775339,334016,143056,남성,sex,19393.607908004407,2023
20234,3110091,650999257,16944,106998,남성,sex,38420.63603635505,2023
20234,3120005,6992382692,300723,147689,남성,sex,23251.90521509828,2023
20241,3110091,591558315,16226,102748,남성,sex,36457.43344015777,2024
20241,3120005,6192913503,271692,139232,남성,sex,22793.875060730534,2024
20242,3110091,619173618,18151,111112,남성,sex,34112.369456228305,2024
20242,3120005,7908899893,379424,156812,남성,sex,20844.490314265833,2024
20243,3110091,477251895,13612,109769,남성,sex,35061.114825154276,2024
20243,3120005,6148564903,313963,149781,남성,sex,19583.724524864396,2024
20244,3110091,561954594,13658,114784,남성,sex,41144.72060330942,2024
20244,3120005,7656930421,303981,151952,남성,sex,25188.84542454956,2024
20251,3110091,514168720,14054,119187,남성,sex,36585.22271239505,2025
20251,3120005,5583529333,221149,150680,남성,sex,25247.816327453438,2025
20252,3110091,535981598,13787,112149,남성,sex,38875.86842677885,2025
20252,3120005,8158583755,346781,153484,남성,sex,23526.616957099726,2025
20253,3110091,721141002,10133,115736,남성,sex,71167.57149906247,2025
20253,3120005,5864881022,255760,139626,남성,sex,22931.189482327183,2025
20254,3110091,359951362,9581,106896,남성,sex,37569.28942699092,2025
20254,3120005,6361858767,242276,153570,남성,sex,26258.724623982565,2025
20221,3110091,1052471690,41343,103887,여성,sex,25457.07108821324,2022
20221,3120005,7023521546,294777,135624,여성,sex,23826.55887671019,2022
20222,3110091,1439927943,61765,114512,여성,sex,23313.00806281875,2022
20222,3120005,12503196210,530160,164691,여성,sex,23583.816602535084,2022
20223,3110091,1175402003,45156,106845,여성,sex,26029.807843918858,2022
20223,3120005,10202273754,455406,148015,여성,sex,22402.58967602535,2022
20224,3110091,896931613,33853,107168,여성,sex,26494.893008005198,2022
20224,3120005,13445875253,462449,156637,여성,sex,29075.368857971367,2022
20231,3110091,1057033844,38852,110126,여성,sex,27206.677751467105,2023
20231,3120005,11278206639,374021,154385,여성,sex,30153.939588953563,2023
20232,3110091,1114604385,43048,109429,여성,sex,25892.12936721799,2023
20232,3120005,12728276733,480821,165939,여성,sex,26471.965103437662,2023
20233,3110091,1061524505,40704,118660,여성,sex,26079.1201110456,2023
20233,3120005,9873714645,400104,153358,여성,sex,24677.87036620479,2023
20234,3110091,1076939629,34757,124287,여성,sex,30984.826912564375,2023
20234,3120005,9233852278,380430,159174,여성,sex,24272.145409142286,2023
20241,3110091,1131266484,35281,118269,여성,sex,32064.46767381877,2024
20241,3120005,7623080274,326670,150115,여성,sex,23335.721902837726,2024
20242,3110091,1048311213,37347,125052,여성,sex,28069.489195919352,2024
20242,3120005,11806822035,486224,173339,여성,sex,24282.680482658197,2024
20243,3110091,956838217,31493,127551,여성,sex,30382.56809449719,2024
20243,3120005,8098868018,377610,155917,여성,sex,21447.705352082838,2024
20244,3110091,1011692231,30224,133127,여성,sex,33473.14157623081,2024
20244,3120005,10655435770,393672,167825,여성,sex,27066.785979190798,2024
20251,3110091,870504430,26459,133824,여성,sex,32900.125855096565,2025
20251,3120005,7480377485,269637,154009,여성,sex,27742.39991173318,2025
20252,3110091,935152968,26358,126412,여성,sex,35478.90462098794,2025
20252,3120005,11879012150,446331,178321,여성,sex,26614.8041475945,2025
20253,3110091,987577858,21513,136374,여성,sex,45906.09668572491,2025
20253,3120005,8276858740,319962,157498,여성,sex,25868.255417830867,2025
20254,3110091,655486046,18511,127398,여성,sex,35410.62319701799,2025
20254,3120005,8952523155,307397,171561,여성,sex,29123.65167844839,2025
20221,3110091,5577016,244,15606,10대,age,22856.622950819674,2022
20221,3120005,63524066,5342,30153,10대,age,11891.438786971172,2022
20222,3110091,6948399,311,14586,10대,age,22342.118971061092,2022
20222,3120005,186345351,13469,40463,10대,age,13835.128888558913,2022
20223,3110091,9024476,502,13940,10대,age,17977.043824701195,2022
20223,3120005,108975419,8953,38987,10대,age,12171.944487881157,2022
20224,3110091,7643457,328,14892,10대,age,23303.22256097561,2022
20224,3120005,177329595,12239,40031,10대,age,14488.895743116267,2022
20231,3110091,3206861,148,14025,10대,age,21667.97972972973,2023
20231,3120005,53609642,5429,38833,10대,age,9874.680788358814,2023
20232,3110091,4817980,274,12223,10대,age,17583.868613138686,2023
20232,3120005,121212869,9041,45434,10대,age,13407.020130516536,2023
20233,3110091,19613705,447,13634,10대,age,43878.534675615214,2023
20233,3120005,78989069,5583,39749,10대,age,14148.140605409279,2023
20234,3110091,29005698,565,14382,10대,age,51337.5185840708,2023
20234,3120005,92847750,7375,39792,10대,age,12589.525423728814,2023
20241,3110091,14873648,268,16065,10대,age,55498.68656716418,2024
20241,3120005,50658697,4057,34260,10대,age,12486.738230219375,2024
20242,3110091,14388413,339,13651,10대,age,42443.69616519174,2024
20242,3120005,76260766,7161,44981,10대,age,10649.457617651165,2024
20243,3110091,25332978,497,15062,10대,age,50971.78672032193,2024
20243,3120005,64542497,5715,40612,10대,age,11293.525284339457,2024
20244,3110091,27545110,549,15079,10대,age,50173.24225865209,2024
20244,3120005,104007181,6574,41859,10대,age,15820.988895649529,2024
20251,3110091,4561301,132,17068,10대,age,34555.31060606061,2025
20251,3120005,22815386,1807,35803,10대,age,12626.112894299944,2025
20252,3110091,10897674,335,12988,10대,age,32530.370149253733,2025
20252,3120005,77030322,5941,41916,10대,age,12965.884867867362,2025
20253,3110091,12546039,244,17170,10대,age,51418.19262295082,2025
20253,3120005,50561171,3674,35772,10대,age,13761.886499727818,2025
20254,3110091,10568764,230,13974,10대,age,45951.147826086955,2025
20254,3120005,70488089,4652,37893,10대,age,15152.21173688736,2025
20221,3110091,648956944,28807,49419,20대,age,22527.751727010796,2022
20221,3120005,2320784593,126208,45394,20대,age,18388.56960731491,2022
20222,3110091,811227217,37726,57596,20대,age,21503.133568361343,2022
20222,3120005,3333113799,191801,49484,20대,age,17377.979254539863,2022
20223,3110091,650141337,28433,54995,20대,age,22865.731262969086,2022
20223,3120005,2799686223,175263,44208,20대,age,15974.20004792797,2022
20224,3110091,498294290,20205,51595,20대,age,24661.929720366246,2022
20224,3120005,3397797382,184243,46317,20대,age,18441.934738361837,2022
20231,3110091,532243319,21891,54213,20대,age,24313.33968297474,2023
20231,3120005,2635045744,143213,47391,20대,age,18399.487085669596,2023
20232,3110091,589195353,24325,53448,20대,age,24221.802795477903,2023
20232,3120005,2823017575,180944,46999,20대,age,15601.609199531347,2023
20233,3110091,609748319,23095,58293,20대,age,26401.745789131848,2023
20233,3120005,2430719082,161859,45573,20대,age,15017.509573147,2023
20234,3110091,640099572,20429,58310,20대,age,31332.888149199665,2023
20234,3120005,2433204649,149164,48695,20대,age,16312.27808988764,2023
20241,3110091,620204417,17916,57273,20대,age,34617.34857110962,2024
20241,3120005,1964216438,127609,45901,20대,age,15392.460077267277,2024
20242,3110091,531228994,18872,60571,20대,age,28149.05648579907,2024
20242,3120005,2449875482,175483,51057,20대,age,13960.756779859017,2024
20243,3110091,472780311,16861,61710,20대,age,28039.873732281598,2024
20243,3120005,2106056435,133855,48735,20대,age,15733.864517574988,2024
20244,3110091,498313312,15596,64617,20대,age,31951.35368043088,2024
20244,3120005,2491786952,131416,49963,20대,age,18961.06221464662,2024
20251,3110091,402445753,12623,62288,20대,age,31881.94193139507,2025
20251,3120005,1706122590,87408,46927,20대,age,19519.06679022515,2025
20252,3110091,393450080,12024,60962,20대,age,32722.0625415835,2025
20252,3120005,2434072646,131991,51243,20대,age,18441.201642536234,2025
20253,3110091,412269910,10698,64974,20대,age,38537.10132735091,2025
20253,3120005,1883664465,105207,45904,20대,age,17904.364395905217,2025
20254,3110091,312132117,8990,59432,20대,age,34719.92402669633,2025
20254,3120005,2059394088,91278,50252,20대,age,22561.779267731545,2025
20221,3110091,580018414,19779,52462,30대,age,29324.961524849587,2022
20221,3120005,3241448828,151557,44738,30대,age,21387.65499449052,2022
20222,3110091,820003072,31932,60367,30대,age,25679.665288738568,2022
20222,3120005,5113795304,243030,51649,30대,age,21041.82736287701,2022
20223,3110091,569672197,20612,56542,30대,age,27637.890403648362,2022
20223,3120005,4364661385,224309,46942,30대,age,19458.253502980264,2022
20224,3110091,573353689,17730,55369,30대,age,32338.0535250987,2022
20224,3120005,4568642176,205111,49392,30대,age,22273.998839652675,2022
20231,3110091,582583758,20280,55590,30대,age,28727.00976331361,2023
20231,3120005,4202945401,185115,50503,30대,age,22704.510174756233,2023
20232,3110091,558476635,21413,55896,30대,age,26081.195301919393,2023
20232,3120005,5058489105,238427,54676,30대,age,21216.091738771196,2023
20233,3110091,505207099,19956,58752,30대,age,25316.05026057326,2023
20233,3120005,3987373986,216571,51801,30대,age,18411.393889301893,2023
20234,3110091,485271906,17445,60979,30대,age,27817.248839208944,2023
20234,3120005,4129202462,181622,52070,30대,age,22735.14476219841,2023
20241,3110091,537007913,19061,56117,30대,age,28173.123813021353,2024
20241,3120005,3484955583,166712,48376,30대,age,20904.047597053603,2024
20242,3110091,557503489,20399,61727,30대,age,27329.942105005146,2024
20242,3120005,4983577458,256226,54594,30대,age,19449.9288050393,2024
20243,3110091,435701042,15734,61370,30대,age,27691.68946231092,2024
20243,3120005,3624668006,197941,49076,30대,age,18311.860635239795,2024
20244,3110091,487155126,15286,63325,30대,age,31869.365824937853,2024
20244,3120005,4384803569,192533,49853,30대,age,22774.296193379836,2024
20251,3110091,454662176,15317,62883,30대,age,29683.500424365084,2025
20251,3120005,3368170943,149362,49801,30대,age,22550.38726717639,2025
20252,3110091,438654429,14412,60605,30대,age,30436.749167360533,2025
20252,3120005,4793739603,226346,56908,30대,age,21178.81298101137,2025
20253,3110091,317146586,10066,63529,30대,age,31506.714285714286,2025
20253,3120005,3758062281,163394,51561,30대,age,23000.001719769392,2025
20254,3110091,271627177,9338,58259,30대,age,29088.36763760977,2025
20254,3120005,3583719737,145726,55552,30대,age,24592.17803960858,2025
20221,3110091,228464957,6095,33966,40대,age,37483.996226415096,2022
20221,3120005,2436840168,104309,47892,40대,age,23361.744125626745,2022
20222,3110091,288317233,10095,37451,40대,age,28560.3995047053,2022
20222,3120005,5046544278,201757,54957,40대,age,25012.982340141854,2022
20223,3110091,318340294,7960,34238,40대,age,39992.49924623116,2022
20223,3120005,4704935695,193065,51876,40대,age,24369.697744283014,2022
20224,3110091,217115446,6149,35751,40대,age,35309.06586436819,2022
20224,3120005,6055954323,171086,51751,40대,age,35397.1354932607,2022
20231,3110091,243868058,7057,37264,40대,age,34556.90208303812,2023
20231,3120005,4820162542,130722,52690,40대,age,36873.384296445896,2023
20232,3110091,257164247,7942,38505,40대,age,32380.28796272979,2023
20232,3120005,4360024669,187691,56879,40대,age,23229.801476895536,2023
20233,3110091,235811218,7646,40188,40대,age,30841.12189380068,2023
20233,3120005,4295965639,159786,53680,40대,age,26885.74492759065,2023
20234,3110091,270073133,6355,43656,40대,age,42497.73926042486,2023
20234,3120005,3524889375,146823,55627,40대,age,24007.746572403506,2023
20241,3110091,204523716,6220,42058,40대,age,32881.62636655949,2024
20241,3120005,3252733729,130641,55353,40대,age,24898.261104859885,2024
20242,3110091,224902020,7113,44812,40대,age,31618.447912273303,2024
20242,3120005,4919553853,190116,62153,40대,age,25876.590360621936,2024
20243,3110091,168488607,5021,44846,40대,age,33556.78291177056,2024
20243,3120005,3155959536,155048,57827,40대,age,20354.725865538414,2024
20244,3110091,219491538,5600,46903,40대,age,39194.9175,2024
20244,3120005,4306272763,155869,60482,40대,age,27627.5126099481,2024
20251,3110091,179218987,5474,48331,40대,age,32740.041468761417,2025
20251,3120005,3228178605,101807,58205,40대,age,31708.80789140236,2025
20252,3110091,211359340,6364,46852,40대,age,33211.7127592709,2025
20252,3120005,5183083767,183172,62685,40대,age,28296.266716528728,2025
20253,3110091,198073390,4727,49504,40대,age,41902.55764755659,2025
20253,3120005,3297712564,130598,55592,40대,age,25250.86574066984,2025
20254,3110091,179043419,4251,46291,40대,age,42117.9531874853,2025
20254,3120005,3000783305,120535,62981,40대,age,24895.53494835525,2025
20221,3110091,184606187,5431,21641,50대,age,33991.19628061131,2022
20221,3120005,2902230410,91013,40657,50대,age,31888.086427213693,2022
20222,3110091,236046938,7187,22882,50대,age,32843.59788507027,2022
20222,3120005,4373280713,162111,46320,50대,age,26977.07566420539,2022
20223,3110091,217402609,5804,21233,50대,age,37457.37577532736,2022
20223,3120005,3380874310,140279,42596,50대,age,24101.072220360853,2022
20224,3110091,148379664,4669,22032,50대,age,31779.752409509532,2022
20224,3120005,4408822225,144746,46096,50대,age,30459.026328879554,2022
20231,3110091,217258214,6408,23035,50대,age,33904.21566791511,2023
20231,3120005,3184783974,117697,45510,50대,age,27059.177158296305,2023
20232,3110091,270797863,6918,24684,50대,age,39143.95244290257,2023
20232,3120005,4861133648,153799,48636,50대,age,31607.05627474821,2023
20233,3110091,258486537,6769,26333,50대,age,38186.81297089673,2023
20233,3120005,3608643958,125268,45300,50대,age,28807.388622792732,2023
20234,3110091,214176027,4929,28322,50대,age,43452.22702373707,2023
20234,3120005,3472512093,122706,47514,50대,age,28299.448217691068,2023
20241,3110091,244135261,5686,26265,50대,age,42936.204889201545,2024
20241,3120005,2993020611,102813,45160,50대,age,29111.30509760439,2024
20242,3110091,240493634,6347,29512,50대,age,37890.9144477706,2024
20242,3120005,4063325786,151321,51273,50대,age,26852.358800166534,2024
20243,3110091,206153662,5019,29291,50대,age,41074.64873480773,2024
20243,3120005,2904050247,126893,48517,50대,age,22885.81913107894,2024
20244,3110091,205740900,4653,31807,50대,age,44216.82785299807,2024
20244,3120005,3785475421,130049,51932,50대,age,29108.0701966182,2024
20251,3110091,166624277,4557,31841,50대,age,36564.46719332894,2025
20251,3120005,2586893548,88466,51166,50대,age,29241.66965839984,2025
20252,3110091,207784750,4752,30464,50대,age,43725.74705387205,2025
20252,3120005,4032350703,148066,53495,50대,age,27233.468203368768,2025
20253,3110091,336003411,3806,30702,50대,age,88282.55675249606,2025
20253,3120005,2816663333,104243,48257,50대,age,27020.167617969553,2025
20254,3110091,149978077,3547,30379,50대,age,42283.07781223569,2025
20254,3120005,3597830962,107825,52005,50대,age,33367.317060051006,2025
20221,3110091,75601379,1962,18853,60대 이상,age,38532.8129459735,2022
20221,3120005,1220769006,48424,56610,60대 이상,age,25209.999297868824,2022
20222,3110091,114853894,2717,19652,60대 이상,age,42272.32020610968,2022
20222,3120005,2905369195,97905,67626,60대 이상,age,29675.391399826363,2022
20223,3110091,104612359,1947,17051,60대 이상,age,53730.02516692347,2022
20223,3120005,2122532312,71845,59678,60대 이상,age,29543.21542208922,2022
20224,3110091,101040433,1645,18003,60대 이상,age,61422.7556231003,2022
20224,3120005,2375941797,73269,61722,60대 이상,age,32427.654219383367,2022
20231,3110091,97096915,2219,17986,60대 이상,age,43757.05948625507,2023
20231,3120005,2726733197,60442,59527,60대 이상,age,45113.21923496906,2023
20232,3110091,135616433,3047,19329,60대 이상,age,44508.18280275681,2023
20232,3120005,3094488666,78201,64172,60대 이상,age,39570.96029462539,2023
20233,3110091,80665615,2278,22134,60대 이상,age,35410.717734855134,2023
20233,3120005,1949798251,65039,60309,60대 이상,age,29978.908823936406,2023
20234,3110091,89312551,1979,25636,60대 이상,age,45130.1419909045,2023
20234,3120005,2573578656,73467,63164,60대 이상,age,35030.403528114664,2023
20241,3110091,102079845,2358,23239,60대 이상,age,43290.85877862595,2024
20241,3120005,2070408712,66540,60299,60대 이상,age,31115.249654343253,2024
20242,3110091,98968282,2433,25891,60대 이상,age,40677.46896835183,2024
20242,3120005,3223128582,85353,66093,60대 이상,age,37762.335032160554,2024
20243,3110091,125633512,1972,25041,60대 이상,age,63708.67748478702,2024
20243,3120005,2392980386,72126,60931,60대 이상,age,33177.777583673014,2024
20244,3110091,135400836,2200,26180,60대 이상,age,61545.83454545455,2024
20244,3120005,3240020298,81201,65687,60대 이상,age,39901.23641334466,2024
20251,3110091,177160655,2412,30600,60대 이상,age,73449.69112769485,2025
20251,3120005,2151646723,61933,62787,60대 이상,age,34741.52266158591,2025
20252,3110091,208988292,2260,26690,60대 이상,age,92472.69557522124,2025
20252,3120005,3517318870,97586,65559,60대 이상,age,36043.27331789396,2025
20253,3110091,432679520,2103,26231,60대 이상,age,205743.94674274846,2025
20253,3120005,2335075956,68601,60040,60대 이상,age,34038.51191673591,2025
20254,3110091,92087852,1735,25959,60대 이상,age,53076.57175792507,2025
20254,3120005,3002165754,79649,66450,60대 이상,age,37692.4475385755,2025
20221,3110091,0,0,16915,00–06시,time,,2022
20221,3120005,31694416,46,56404,00–06시,time,689009.0434782609,2022
20222,3110091,0,0,21862,00–06시,time,,2022
20222,3120005,20668798,77,57181,00–06시,time,268425.94805194804,2022
20223,3110091,0,0,23783,00–06시,time,,2022
20223,3120005,75082382,553,54395,00–06시,time,135772.84267631103,2022
20224,3110091,0,0,20468,00–06시,time,,2022
20224,3120005,64255817,988,52641,00–06시,time,65036.2520242915,2022
20231,3110091,0,0,17799,00–06시,time,,2023
20231,3120005,41902936,470,54176,00–06시,time,89155.1829787234,2023
20232,3110091,0,0,18904,00–06시,time,,2023
20232,3120005,20516745,919,55723,00–06시,time,22325.07616974973,2023
20233,3110091,449529,11,23290,00–06시,time,40866.27272727273,2023
20233,3120005,46649452,880,55568,00–06시,time,53010.740909090906,2023
20234,3110091,0,0,23834,00–06시,time,,2023
20234,3120005,31877681,598,56213,00–06시,time,53307.158862876255,2023
20241,3110091,268330,6,23154,00–06시,time,44721.666666666664,2024
20241,3120005,2904959,355,53431,00–06시,time,8182.98309859155,2024
20242,3110091,0,0,26061,00–06시,time,,2024
20242,3120005,20088793,385,56178,00–06시,time,52178.68311688312,2024
20243,3110091,0,0,27880,00–06시,time,,2024
20243,3120005,1372454,163,54571,00–06시,time,8419.96319018405,2024
20244,3110091,0,0,27625,00–06시,time,,2024
20244,3120005,58095682,403,54349,00–06시,time,144158.01985111664,2024
20251,3110091,0,0,29937,00–06시,time,,2025
20251,3120005,9222116,346,53998,00–06시,time,26653.514450867053,2025
20252,3110091,0,0,28815,00–06시,time,,2025
20252,3120005,440127,100,49302,00–06시,time,4401.27,2025
20253,3110091,0,0,30430,00–06시,time,,2025
20253,3120005,3545624,321,48719,00–06시,time,11045.557632398753,2025
20254,3110091,0,0,26622,00–06시,time,,2025
20254,3120005,27724570,392,52244,00–06시,time,70725.94387755102,2025
20221,3110091,27140435,2188,33252,06–11시,time,12404.220749542961,2022
20221,3120005,486197402,45715,53494,06–11시,time,10635.401990593897,2022
20222,3110091,61248318,4536,35530,06–11시,time,13502.715608465609,2022
20222,3120005,874413950,88201,60911,06–11시,time,9913.87796056734,2022
20223,3110091,27836421,2412,33269,06–11시,time,11540.804726368158,2022
20223,3120005,773249754,106553,55906,06–11시,time,7256.949630700215,2022
20224,3110091,28628633,2183,34935,06–11시,time,13114.353183692167,2022
20224,3120005,704267926,93084,55858,06–11시,time,7565.93964591122,2022
20231,3110091,22107077,1694,34408,06–11시,time,13050.222550177095,2023
20231,3120005,566537904,78251,55964,06–11시,time,7240.008485514562,2023
20232,3110091,26916689,2048,34629,06–11시,time,13142.91455078125,2023
20232,3120005,874121072,126365,62093,06–11시,time,6917.430237803189,2023
20233,3110091,33538351,2333,38590,06–11시,time,14375.63266180883,2023
20233,3120005,908894096,139018,59666,06–11시,time,6537.959803766419,2023
20234,3110091,21925178,1690,41225,06–11시,time,12973.478106508875,2023
20234,3120005,861840649,98348,59302,06–11시,time,8763.174126570952,2023
20241,3110091,20976699,1505,39491,06–11시,time,13938.005980066446,2024
20241,3120005,655193087,86704,56192,06–11시,time,7556.665055822107,2024
20242,3110091,27956782,2029,43010,06–11시,time,13778.601281419418,2024
20242,3120005,1053219683,138289,65735,06–11시,time,7616.077077714062,2024
20243,3110091,36494506,1354,42109,06–11시,time,26953.10635155096,2024
20243,3120005,912019160,116013,62714,06–11시,time,7861.353124218837,2024
20244,3110091,13617156,962,42823,06–11시,time,14155.047817047816,2024
20244,3120005,944919807,102600,63303,06–11시,time,9209.74470760234,2024
20251,3110091,24727225,1375,44217,06–11시,time,17983.436363636363,2025
20251,3120005,901769587,77677,62323,06–11시,time,11609.222639906278,2025
20252,3110091,29826565,2452,42211,06–11시,time,12164.178221859707,2025
20252,3120005,1102424577,117231,64635,06–11시,time,9403.86567546127,2025
20253,3110091,12193748,926,43877,06–11시,time,13168.194384449243,2025
20253,3120005,993235229,98425,60505,06–11시,time,10091.29010922022,2025
20254,3110091,24540277,884,40341,06–11시,time,27760.4943438914,2025
20254,3120005,1086062309,78564,63919,06–11시,time,13823.918194083804,2025
20221,3110091,558948015,20613,36312,11–14시,time,27116.286566729734,2022
20221,3120005,4926225570,197663,43906,11–14시,time,24922.345456661085,2022
20222,3110091,830276027,30833,39899,11–14시,time,26928.162261213634,2022
20222,3120005,7929611394,324084,58698,11–14시,time,24467.765745917724,2022
20223,3110091,708711803,23885,36040,11–14시,time,29671.83600586142,2022
20223,3120005,6534440230,285906,52410,11–14시,time,22855.204962470183,2022
20224,3110091,606245563,19263,37111,11–14시,time,31472.02216684836,2022
20224,3120005,8462334582,282961,58395,11–14시,time,29906.36371090009,2022
20231,3110091,686044137,22434,40052,11–14시,time,30580.55349023803,2023
20231,3120005,6335617949,234359,54647,11–14시,time,27033.815424199627,2023
20232,3110091,733142127,24057,40715,11–14시,time,30475.21000124704,2023
20232,3120005,8915694559,308555,60814,11–14시,time,28894.992980181814,2023
20233,3110091,638121280,22087,41157,11–14시,time,28891.26092271472,2023
20233,3120005,7450416670,263447,53542,11–14시,time,28280.51437290992,2023
20234,3110091,623662642,19232,43452,11–14시,time,32428.381967554076,2023
20234,3120005,6827348873,257385,58206,11–14시,time,26525.822689744935,2023
20241,3110091,611034638,18556,42619,11–14시,time,32929.2217072645,2024
20241,3120005,5777118407,230508,53530,11–14시,time,25062.55057091294,2024
20242,3110091,626427590,20366,45220,11–14시,time,30758.498968869684,2024
20242,3120005,8725175312,325990,64626,11–14시,time,26765.162465106292,2024
20243,3110091,544981522,17096,43061,11–14시,time,31877.721221338325,2024
20243,3120005,6220862442,256588,56619,11–14시,time,24244.55719675121,2024
20244,3110091,597647054,16567,46665,11–14시,time,36074.54904327881,2024
20244,3120005,8575288334,273884,61989,11–14시,time,31309.928049831316,2024
20251,3110091,434493987,14309,46189,11–14시,time,30365.084003074986,2025
20251,3120005,5740828301,207851,56037,11–14시,time,27619.921487026764,2025
20252,3110091,501755817,15266,44982,11–14시,time,32867.53681383467,2025
20252,3120005,8833290906,327434,69446,11–14시,time,26977.31727920741,2025
20253,3110091,593308856,11328,45152,11–14시,time,52375.42867231638,2025
20253,3120005,6343540732,237698,56964,11–14시,time,26687.39632643102,2025
20254,3110091,376322300,10480,43401,11–14시,time,35908.61641221374,2025
20254,3120005,6810777705,221307,65157,11–14시,time,30775.24752945004,2025
20221,3110091,476428298,20377,43588,14–17시,time,23380.688913971633,2022
20221,3120005,4486035633,192229,44336,14–17시,time,23336.934765305963,2022
20222,3110091,562459768,27270,45764,14–17시,time,20625.587385405208,2022
20222,3120005,7592271114,320300,57137,14–17시,time,23703.625082734936,2022
20223,3110091,444600987,19223,41497,14–17시,time,23128.595276491702,2022
20223,3120005,5949186148,257115,51063,14–17시,time,23138.23055053186,2022
20224,3110091,348220872,15449,41752,14–17시,time,22540.026668392777,2022
20224,3120005,7858728327,276220,56987,14–17시,time,28450.975045253785,2022
20231,3110091,418686270,17879,45492,14–17시,time,23417.76777224677,2023
20231,3120005,6937661751,224894,56046,14–17시,time,30848.58533798145,2023
20232,3110091,435074074,19079,45900,14–17시,time,22803.819592221815,2023
20232,3120005,6533707159,260093,59310,14–17시,time,25120.657453295553,2023
20233,3110091,463507146,19069,46767,14–17시,time,24306.840736273534,2023
20233,3120005,4572354752,204112,52078,14–17시,time,22401.20498549816,2023
20234,3110091,453482386,16164,49487,14–17시,time,28055.084508784956,2023
20234,3120005,5716259356,226547,57200,14–17시,time,25232.11234754819,2023
20241,3110091,448992936,16097,48195,14–17시,time,27892.957445486736,2024
20241,3120005,4640445901,194823,53811,14–17시,time,23818.77858877032,2024
20242,3110091,433829136,17191,50269,14–17시,time,25235.82898028038,2024
20242,3120005,6066285734,264805,62875,14–17시,time,22908.501478446404,2024
20243,3110091,339436994,13061,49266,14–17시,time,25988.591532041955,2024
20243,3120005,4324105823,198962,55232,14–17시,time,21733.325072124324,2024
20244,3110091,431266528,13713,53074,14–17시,time,31449.466054109238,2024
20244,3120005,5854073168,229635,61441,14–17시,time,25492.948235242886,2024
20251,3110091,357955647,12801,53091,14–17시,time,27963.100304663698,2025
20251,3120005,4414257522,146580,56241,14–17시,time,30115.005607859188,2025
20252,3110091,435636463,11269,50150,14–17시,time,38657.952169669006,2025
20252,3120005,6478414362,233953,68182,14–17시,time,27691.093347809176,2025
20253,3110091,327343618,8502,52139,14–17시,time,38501.9545989179,2025
20253,3120005,3841380942,150059,55723,14–17시,time,25599.13728600084,2025
20254,3110091,272592581,8629,49538,14–17시,time,31590.28635994901,2025
20254,3120005,4944436744,174143,65727,14–17시,time,28392.968675169257,2025
20221,3110091,833513435,20687,46665,17–21시,time,40291.653453859915,2022
20221,3120005,3524646686,116975,42384,17–21시,time,30131.623731566575,2022
20222,3110091,1022624343,29924,51017,17–21시,time,34174.05236599385,2022
20222,3120005,6219337343,201074,50975,17–21시,time,30930.589449655352,2022
20223,3110091,900104332,22687,45781,17–21시,time,39674.89452109137,2022
20223,3120005,5493886257,182781,46006,17–21시,time,30057.206476603147,2022
20224,3110091,772869029,17089,45679,17–21시,time,45226.11206038972,2022
20224,3120005,5768549224,158214,46040,17–21시,time,36460.42211182322,2022
20231,3110091,734314926,18694,47294,17–21시,time,39280.781320209695,2023
20231,3120005,5150288436,126700,47414,17–21시,time,40649.47463299132,2023
20232,3110091,796782421,21207,47464,17–21시,time,37571.67072193144,2023
20232,3120005,5836210838,175969,51277,17–21시,time,33166.13061391495,2023
20233,3110091,805598184,20442,50694,17–21시,time,39408.97094217787,2023
20233,3120005,4957274501,155865,48448,17–21시,time,31804.924139479677,2023
20234,3110091,802351545,17742,53958,17–21시,time,45223.28626986811,2023
20234,3120005,5143391464,131040,48884,17–21시,time,39250.54536019536,2023
20241,3110091,827440672,18243,49657,17–21시,time,45356.61196075207,2024
20241,3120005,4272147245,115683,46172,17–21시,time,36929.77572331284,2024
20242,3110091,740995190,18969,52071,17–21시,time,39063.48199694238,2024
20242,3120005,6019708441,169679,53497,17–21시,time,35477.038649449845,2024
20243,3110091,773471072,16909,53992,17–21시,time,45743.1587911763,2024
20243,3120005,4637541232,146567,49939,17–21시,time,31641.100875367578,2024
20244,3110091,674936904,15201,56610,17–21시,time,44400.82257746201,2024
20244,3120005,5465570249,126885,51699,17–21시,time,43074.9911258226,2024
20251,3110091,730452365,13884,57341,17–21시,time,52611.08938346298,2025
20251,3120005,3521908592,87666,49429,17–21시,time,40174.16777313896,2025
20252,3110091,613345611,12723,52139,17–21시,time,48207.624852629095,2025
20252,3120005,5509703825,145713,54466,17–21시,time,37812.02655219507,2025
20253,3110091,895759999,12452,57120,17–21시,time,71937.03814648249,2025
20253,3120005,4669233392,117021,49718,17–21시,time,39900.81602447424,2025
20254,3110091,494437161,10072,53499,17–21시,time,49090.266183478954,2025
20254,3120005,4506968794,101837,51789,17–21시,time,44256.6924987971,2025
20221,3110091,82643285,655,15215,21–24시,time,126172.95419847328,2022
20221,3120005,275462135,4223,24918,21–24시,time,65229.01610229695,2022
20222,3110091,201486037,2270,18462,21–24시,time,88760.36872246696,2022
20222,3120005,551969399,11234,25601,21–24시,time,49133.82579668862,2022
20223,3110091,124543451,1352,17629,21–24시,time,92117.93713017751,2022
20223,3120005,580935319,12500,24507,21–24시,time,46474.82552,2022
20224,3110091,79648443,1187,17697,21–24시,time,67100.62594776748,2022
20224,3120005,590617103,9628,25390,21–24시,time,61343.69578313253,2022
20231,3110091,99649045,1305,17068,21–24시,time,76359.4214559387,2023
20231,3120005,525034958,6532,26205,21–24시,time,80378.89742804653,2023
20232,3110091,98916367,1284,16473,21–24시,time,77037.66900311527,2023
20232,3120005,512836353,10031,27578,21–24시,time,51125.14734323597,2023
20233,3110091,66647363,1180,18836,21–24시,time,56480.816101694916,2023
20233,3120005,493267116,9572,27112,21–24시,time,51532.29377350606,2023
20234,3110091,116068010,1147,19329,21–24시,time,101192.68526591107,2023
20234,3120005,607405843,8107,27057,21–24시,time,74923.62686567164,2023
20241,3110091,93066783,1164,17901,21–24시,time,79954.28092783505,2024
20241,3120005,334534594,4969,26213,21–24시,time,67324.32964379151,2024
20242,3110091,103808508,1193,19533,21–24시,time,87014.67560771164,2024
20242,3120005,406824350,7936,27239,21–24시,time,51263.14894153226,2024
20243,3110091,86035631,901,21012,21–24시,time,95489.04661487236,2024
20243,3120005,288367761,6595,26623,21–24시,time,43725.21015921152,2024
20244,3110091,117589082,1076,21114,21–24시,time,109283.53345724907,2024
20244,3120005,372370291,5513,26994,21–24시,time,67544.03972428804,2024
20251,3110091,57719165,886,22236,21–24시,time,65145.784424379235,2025
20251,3120005,257399904,3780,26659,21–24시,time,68095.2126984127,2025
20252,3110091,85871065,1090,20264,21–24시,time,78780.79357798165,2025
20252,3120005,293569891,6459,25777,21–24시,time,45451.29137637405,2025
20253,3110091,57859141,864,23392,21–24시,time,66966.59837962964,2025
20253,3120005,353598974,6949,25497,21–24시,time,50884.87178011225,2025
20254,3110091,41307679,648,20893,21–24시,time,63746.418209876545,2025
20254,3120005,446397314,5346,26297,21–24시,time,83501.18106995885,2025
